iter,sequence,exp_value
0,MQYKLILNGKTLKGETTTEAVDAATAEKVFKQYANDNGVDGEWTYDDATKTFTVTE,1.0
0,MQYKLILNGKTLKGETTTEAVDAATAEKVFKQYANDNGVDAEWTYDDATKTFTVTE,0.120576126726
0,MQYKLILNGKTLKGETTTEAVDAATAEKVFKQYANDNGVDGEWTYDDATKTFTLTE,0.380472898221
0,MQYKLILNGKTLKGETTTEAVDAATAEKVFKQYANDNGLDGEWTYDDATKTFTVTE,1.69016355375
0,MQYKLILNGKTLKGETTTEAVDAATAEKVFKQYANDNGVEGEWTYDDATKTFTVTE,0.86093066353
0,MQYKLILNGKTLKGETTTEAVDAATAEKVFKQYANDNGVDVEWTYDDATKTFTVTE,0.0159886265123
0,MQYKLILNGKTLKGETTTEAVDAATAEKVFKQYANDNGVDGEWTYDDATKTFTITE,0.377105030763
0,MQYKLILNGKTLKGETTTEAVDAATAEKVFKQYANDNGIDGEWTYDDATKTFTVTE,1.4459050863
0,MQYKLILNGKTLKGETTTEAVDAATAEKVFKQYANDNGVNGEWTYDDATKTFTVTE,1.80292279874
0,MQYKLILNGKTLKGETTTEAVDAATAEKVFKQYANDNGVDIEWTYDDATKTFTVTE,0.00342405539668
0,MQYKLILNGKTLKGETTTEAVDAATAEKVFKQYANDNGVDGEWTYDDATKTFTATE,1.37294933339
0,MQYKLILNGKTLKGETTTEAVDAATAEKVFKQYANDNGADGEWTYDDATKTFTVTE,0.0619096557142
0,MQYKLILNGKTLKGETTTEAVDAATAEKVFKQYANDNGVQGEWTYDDATKTFTVTE,1.11389363844
0,MQYKLILNGKTLKGETTTEAVDAATAEKVFKQYANDNGVDLEWTYDDATKTFTVTE,0.00977006063242
0,MQYKLILNGKTLKGETTTEAVDAATAEKVFKQYANDNGVDGEWTYDDATKTFTGTE,0.265820485664
0,MQYKLILNGKTLKGETTTEAVDAATAEKVFKQYANDNGGDGEWTYDDATKTFTVTE,0.00829790573568
0,MQYKLILNGKTLKGETTTEAVDAATAEKVFKQYANDNGVSGEWTYDDATKTFTVTE,2.16359335977
0,MQYKLILNGKTLKGETTTEAVDAATAEKVFKQYANDNGVDSEWTYDDATKTFTVTE,0.0138843009535
0,MQYKLILNGKTLKGETTTEAVDAATAEKVFKQYANDNGVDGEWTYDDATKTFTFTE,0.820788193905
0,MQYKLILNGKTLKGETTTEAVDAATAEKVFKQYANDNGFDGEWTYDDATKTFTVTE,0.377100728425
0,MQYKLILNGKTLKGETTTEAVDAATAEKVFKQYANDNGVTGEWTYDDATKTFTVTE,1.16546536279
0,MQYKLILNGKTLKGETTTEAVDAATAEKVFKQYANDNGVDTEWTYDDATKTFTVTE,0.00410704837872
0,MQYKLILNGKTLKGETTTEAVDAATAEKVFKQYANDNGVDGEWTYDDATKTFTCTE,1.41393590647
0,MQYKLILNGKTLKGETTTEAVDAATAEKVFKQYANDNGCDGEWTYDDATKTFTVTE,0.242237277886
0,MQYKLILNGKTLKGETTTEAVDAATAEKVFKQYANDNGVCGEWTYDDATKTFTVTE,1.83818718188
0,MQYKLILNGKTLKGETTTEAVDAATAEKVFKQYANDNGVDCEWTYDDATKTFTVTE,0.0607126195004
0,MQYKLILNGKTLKGETTTEAVDAATAEKVFKQYANDNGVDGEWTYDDATKTFTMTE,0.585648853727
0,MQYKLILNGKTLKGETTTEAVDAATAEKVFKQYANDNGMDGEWTYDDATKTFTVTE,1.17054988281
0,MQYKLILNGKTLKGETTTEAVDAATAEKVFKQYANDNGVHGEWTYDDATKTFTVTE,3.08116580765
0,MQYKLILNGKTLKGETTTEAVDAATAEKVFKQYANDNGVDFEWTYDDATKTFTVTE,0.0670220937213
0,MQYKLILNGKTLKGETTTEAVDAATAEKVFKQYANDNGVDGEWTYDDATKTFTTTE,0.615188984875
0,MQYKLILNGKTLKGETTTEAVDAATAEKVFKQYANDNGTDGEWTYDDATKTFTVTE,0.246551701455
0,MQYKLILNGKTLKGETTTEAVDAATAEKVFKQYANDNGVAGEWTYDDATKTFTVTE,2.40124349574
0,MQYKLILNGKTLKGETTTEAVDAATAEKVFKQYANDNGVDNEWTYDDATKTFTVTE,0.0057462076598
0,MQYKLILNGKTLKGETTTEAVDAATAEKVFKQYANDNGVDGEWTYDDATKTFTHTE,0.161839956365
0,MQYKLILNGKTLKGETTTEAVDAATAEKVFKQYANDNGHDGEWTYDDATKTFTVTE,0.0264798489707
0,MQYKLILNGKTLKGETTTEAVDAATAEKVFKQYANDNGVGGEWTYDDATKTFTVTE,0.864025848061
0,MQYKLILNGKTLKGETTTEAVDAATAEKVFKQYANDNGVDQEWTYDDATKTFTVTE,0.00417937533459
0,MQYKLILNGKTLKGETTTEAVDAATAEKVFKQYANDNGVDGEWTYDDATKTFTSTE,0.495759851542
0,MQYKLILNGKTLKGETTTEAVDAATAEKVFKQYANDNGSDGEWTYDDATKTFTVTE,0.0343121087361
0,MQYKLILNGKTLKGETTTEAVDAATAEKVFKQYANDNGVVGEWTYDDATKTFTVTE,1.94766786803
0,MQYKLILNGKTLKGETTTEAVDAATAEKVFKQYANDNGVDDEWTYDDATKTFTVTE,0.00595378718971
0,MQYKLILNGKTLKGETTTEAVDAATAEKVFKQYANDNGVDGEWTYDDATKTFTQTE,0.124301623761
0,MQYKLILNGKTLKGETTTEAVDAATAEKVFKQYANDNGQDGEWTYDDATKTFTVTE,0.102672417647
0,MQYKLILNGKTLKGETTTEAVDAATAEKVFKQYANDNGVMGEWTYDDATKTFTVTE,1.09352879961
0,MQYKLILNGKTLKGETTTEAVDAATAEKVFKQYANDNGVDKEWTYDDATKTFTVTE,0.00407538712684
0,MQYKLILNGKTLKGETTTEAVDAATAEKVFKQYANDNGVDGEWTYDDATKTFTNTE,0.225092059946
0,MQYKLILNGKTLKGETTTEAVDAATAEKVFKQYANDNGNDGEWTYDDATKTFTVTE,0.0116278958495
0,MQYKLILNGKTLKGETTTEAVDAATAEKVFKQYANDNGVLGEWTYDDATKTFTVTE,0.907305261163
0,MQYKLILNGKTLKGETTTEAVDAATAEKVFKQYANDNGVDMEWTYDDATKTFTVTE,0.0131103160049
0,MQYKLILNGKTLKGETTTEAVDAATAEKVFKQYANDNGVDGEWTYDDATKTFTKTE,0.007655337403
0,MQYKLILNGKTLKGETTTEAVDAATAEKVFKQYANDNGKDGEWTYDDATKTFTVTE,0.0201606557734
0,MQYKLILNGKTLKGETTTEAVDAATAEKVFKQYANDNGVIGEWTYDDATKTFTVTE,1.79171333093
0,MQYKLILNGKTLKGETTTEAVDAATAEKVFKQYANDNGVDHEWTYDDATKTFTVTE,0.0043470085562
0,MQYKLILNGKTLKGETTTEAVDAATAEKVFKQYANDNGVDGEWTYDDATKTFTYTE,0.0285262579339
0,MQYKLILNGKTLKGETTTEAVDAATAEKVFKQYANDNGYDGEWTYDDATKTFTVTE,0.0720225131902
0,MQYKLILNGKTLKGETTTEAVDAATAEKVFKQYANDNGVFGEWTYDDATKTFTVTE,3.05454865106
0,MQYKLILNGKTLKGETTTEAVDAATAEKVFKQYANDNGVDEEWTYDDATKTFTVTE,0.00643456626514
0,MQYKLILNGKTLKGETTTEAVDAATAEKVFKQYANDNGVDGEWTYDDATKTFTWTE,0.699995429038
0,MQYKLILNGKTLKGETTTEAVDAATAEKVFKQYANDNGWDGEWTYDDATKTFTVTE,0.0103969491584
0,MQYKLILNGKTLKGETTTEAVDAATAEKVFKQYANDNGVYGEWTYDDATKTFTVTE,3.89146109067
0,MQYKLILNGKTLKGETTTEAVDAATAEKVFKQYANDNGVDYEWTYDDATKTFTVTE,0.0137144740659
0,MQYKLILNGKTLKGETTTEAVDAATAEKVFKQYANDNGVDGEWTYDDATKTFTETE,0.0353071305266
0,MQYKLILNGKTLKGETTTEAVDAATAEKVFKQYANDNGEDGEWTYDDATKTFTVTE,0.0327191845926
0,MQYKLILNGKTLKGETTTEAVDAATAEKVFKQYANDNGVWGEWTYDDATKTFTVTE,3.90146075608
0,MQYKLILNGKTLKGETTTEAVDAATAEKVFKQYANDNGVDPEWTYDDATKTFTVTE,0.00490471616607
0,MQYKLILNGKTLKGETTTEAVDAATAEKVFKQYANDNGVDGEWTYDDATKTFTDTE,0.0315419914958
0,MQYKLILNGKTLKGETTTEAVDAATAEKVFKQYANDNGDDGEWTYDDATKTFTVTE,0.00647208961971
0,MQYKLILNGKTLKGETTTEAVDAATAEKVFKQYANDNGVKGEWTYDDATKTFTVTE,1.13788477532
0,MQYKLILNGKTLKGETTTEAVDAATAEKVFKQYANDNGVDREWTYDDATKTFTVTE,0.00435243639048
0,MQYKLILNGKTLKGETTTEAVDAATAEKVFKQYANDNGVDGEWTYDDATKTFTPTE,0.00755619465913
0,MQYKLILNGKTLKGETTTEAVDAATAEKVFKQYANDNGPDGEWTYDDATKTFTVTE,0.00894644046029
0,MQYKLILNGKTLKGETTTEAVDAATAEKVFKQYANDNGVRGEWTYDDATKTFTVTE,1.64547164894
0,MQYKLILNGKTLKGETTTEAVDAATAEKVFKQYANDNGVDWEWTYDDATKTFTVTE,0.00752123766976
0,MQYKLILNGKTLKGETTTEAVDAATAEKVFKQYANDNGVDGEWTYDDATKTFTRTE,0.00616756669599
0,MQYKLILNGKTLKGETTTEAVDAATAEKVFKQYANDNGRDGEWTYDDATKTFTVTE,0.0172018642765
0,MQYKLILNGKTLKGETTTEAVDAATAEKVFKQYANDNGVPGEWTYDDATKTFTVTE,0.402165979344
1,MQYKLILNGKTLKGETTTEAVDAATAEKVFKQYANDNGIYGEWTYDDATKTFTVTE,4.38774529032
1,MQYKLILNGKTLKGETTTEAVDAATAEKVFKQYANDNGLYGEWTYDDATKTFTVTE,5.07529943739
1,MQYKLILNGKTLKGETTTEAVDAATAEKVFKQYANDNGIWGEWTYDDATKTFTVTE,3.72027820633
1,MQYKLILNGKTLKGETTTEAVDAATAEKVFKQYANDNGVYGEWTYDDATKTFTITE,2.39628729362
1,MQYKLILNGKTLKGETTTEAVDAATAEKVFKQYANDNGLWGEWTYDDATKTFTVTE,4.04596052161
1,MQYKLILNGKTLKGETTTEAVDAATAEKVFKQYANDNGVWGEWTYDDATKTFTITE,1.92622710202
1,MQYKLILNGKTLKGETTTEAVDAATAEKVFKQYANDNGMYGEWTYDDATKTFTVTE,2.7993624312
1,MQYKLILNGKTLKGETTTEAVDAATAEKVFKQYANDNGFYGEWTYDDATKTFTVTE,4.11276429473
1,MQYKLILNGKTLKGETTTEAVDAATAEKVFKQYANDNGMWGEWTYDDATKTFTVTE,2.35080188425
1,MQYKLILNGKTLKGETTTEAVDAATAEKVFKQYANDNGVYGEWTYDDATKTFTFTE,3.29837038815
1,MQYKLILNGKTLKGETTTEAVDAATAEKVFKQYANDNGYFGEWTYDDATKTFTVTE,1.41598662318
1,MQYKLILNGKTLKGETTTEAVDAATAEKVFKQYANDNGYWGEWTYDDATKTFTVTE,1.88074975452
1,MQYKLILNGKTLKGETTTEAVDAATAEKVFKQYANDNGFWGEWTYDDATKTFTVTE,3.18091081527
1,MQYKLILNGKTLKGETTTEAVDAATAEKVFKQYANDNGYYGEWTYDDATKTFTVTE,2.40308762502
1,MQYKLILNGKTLKGETTTEAVDAATAEKVFKQYANDNGLYGEWTYDDATKTFTITE,2.40421179022
1,MQYKLILNGKTLKGETTTEAVDAATAEKVFKQYANDNGVWGEWTYDDATKTFTFTE,5.3907325057
1,MQYKLILNGKTLKGETTTEAVDAATAEKVFKQYANDNGVYGEWTYDDATKTFTCTE,4.0264439679
1,MQYKLILNGKTLKGETTTEAVDAATAEKVFKQYANDNGVWAEWTYDDATKTFTYTE,0.0339675927757
1,MQYKLILNGKTLKGETTTEAVDAATAEKVFKQYANDNGIYGEWTYDDATKTFTITE,3.04132338295
1,MQYKLILNGKTLKGETTTEAVDAATAEKVFKQYANDNGWYAEWTYDDATKTFTVTE,0.118309353156
1,MQYKLILNGKTLKGETTTEAVDAATAEKVFKQYANDNGLWGEWTYDDATKTFTITE,2.38844048907
1,MQYKLILNGKTLKGETTTEAVDAATAEKVFKQYANDNGVYAEWTYDDATKTFTFTE,0.0772512874178
1,MQYKLILNGKTLKGETTTEAVDAATAEKVFKQYANDNGLYGEWTYDDATKTFTFTE,2.76982664869
1,MQYKLILNGKTLKGETTTEAVDAATAEKVFKQYANDNGVWGEWTYDDATKTFTYTE,0.754260339984
1,MQYKLILNGKTLKGETTTEAVDAATAEKVFKQYANDNGVWGEWTYDDATKTFTCTE,4.23915557841
1,MQYKLILNGKTLKGETTTEAVDAATAEKVFKQYANDNGVWAEWTYDDATKTFTITE,0.434634242232
1,MQYKLILNGKTLKGETTTEAVDAATAEKVFKQYANDNGVYSEWTYDDATKTFTFTE,0.00542739276854
1,MQYKLILNGKTLKGETTTEAVDAATAEKVFKQYANDNGVWAEWTYDDATKTFTFTE,0.284151702212
1,MQYKLILNGKTLKGETTTEAVDAATAEKVFKQYANDNGVWAEWTYDDATKTFTCTE,2.59276533965
1,MQYKLILNGKTLKGETTTEAVDAATAEKVFKQYANDNGYWAEWTYDDATKTFTVTE,0.0954397326574
1,MQYKLILNGKTLKGETTTEAVDAATAEKVFKQYANDNGHYAEWTYDDATKTFTVTE,0.0243991099238
1,MQYKLILNGKTLKGETTTEAVDAATAEKVFKQYANDNGIFGEWTYDDATKTFTVTE,3.16744549033
1,MQYKLILNGKTLKGETTTEAVDAATAEKVFKQYANDNGVWHEWTYDDATKTFTVTE,0.0102269901049
1,MQYKLILNGKTLKGETTTEAVDAATAEKVFKQYANDNGWYKEWTYDDATKTFTVTE,0.00654310348355
1,MQYKLILNGKTLKGETTTEAVDAATAEKVFKQYANDNGVWSEWTYDDATKTFTVTE,0.0359061137307
1,MQYKLILNGKTLKGETTTEAVDAATAEKVFKQYANDNGWYGEWTYDDATKTFTVTE,0.381749687296
1,MQYKLILNGKTLKGETTTEAVDAATAEKVFKQYANDNGIWGEWTYDDATKTFTITE,2.96336495851
1,MQYKLILNGKTLKGETTTEAVDAATAEKVFKQYANDNGVYGEWTYDDATKTFTATE,2.40599752993
1,MQYKLILNGKTLKGETTTEAVDAATAEKVFKQYANDNGMYGEWTYDDATKTFTITE,2.34743076383
1,MQYKLILNGKTLKGETTTEAVDAATAEKVFKQYANDNGIWAEWTYDDATKTFTVTE,0.423051452746
1,MQYKLILNGKTLKGETTTEAVDAATAEKVFKQYANDNGIYGEWTYDDATKTFTATE,2.43521830222
1,MQYKLILNGKTLKGETTTEAVDAATAEKVFKQYANDNGIYGEWTYDDATKTFTFTE,3.3642475223
1,MQYKLILNGKTLKGETTTEAVDAATAEKVFKQYANDNGVWSEWTYDDATKTFTFTE,0.00607386891548
1,MQYKLILNGKTLKGETTTEAVDAATAEKVFKQYANDNGAYGEWTYDDATKTFTVTE,1.70408334252
1,MQYKLILNGKTLKGETTTEAVDAATAEKVFKQYANDNGMWAEWTYDDATKTFTVTE,0.150436717603
1,MQYKLILNGKTLKGETTTEAVDAATAEKVFKQYANDNGVYHEWTYDDATKTFTVTE,0.00442069894857
1,MQYKLILNGKTLKGETTTEAVDAATAEKVFKQYANDNGIYSEWTYDDATKTFTVTE,0.0234101888658
1,MQYKLILNGKTLKGETTTEAVDAATAEKVFKQYANDNGVWSEWTYDDATKTFTITE,0.0163981482366
1,MQYKLILNGKTLKGETTTEAVDAATAEKVFKQYANDNGVYGEWTYDDATKTFTYTE,0.217005076481
1,MQYKLILNGKTLKGETTTEAVDAATAEKVFKQYANDNGIWSEWTYDDATKTFTVTE,0.0255906778576
1,MQYKLILNGKTLKGETTTEAVDAATAEKVFKQYANDNGVWAEWTYDDATKTFTVTE,0.252851527185
1,MQYKLILNGKTLKGETTTEAVDAATAEKVFKQYANDNGTWGEWTYDDATKTFTVTE,3.25712986252
1,MQYKLILNGKTLKGETTTEAVDAATAEKVFKQYANDNGFWAEWTYDDATKTFTVTE,0.251555937429
1,MQYKLILNGKTLKGETTTEAVDAATAEKVFKQYANDNGVFGEWTYDDATKTFTCTE,3.7035178707
1,MQYKLILNGKTLKGETTTEAVDAATAEKVFKQYANDNGTYGEWTYDDATKTFTVTE,3.68614117634
1,MQYKLILNGKTLKGETTTEAVDAATAEKVFKQYANDNGVYSEWTYDDATKTFTITE,0.0217169855451
1,MQYKLILNGKTLKGETTTEAVDAATAEKVFKQYANDNGLWGEWTYDDATKTFTFTE,2.82632723236
1,MQYKLILNGKTLKGETTTEAVDAATAEKVFKQYANDNGVWNEWTYDDATKTFTFTE,0.00641130607745
1,MQYKLILNGKTLKGETTTEAVDAATAEKVFKQYANDNGVYAEWTYDDATKTFTCTE,2.97873768273
1,MQYKLILNGKTLKGETTTEAVDAATAEKVFKQYANDNGVYAEWTYDDATKTFTYTE,0.0132194534475
1,MQYKLILNGKTLKGETTTEAVDAATAEKVFKQYANDNGVYSEWTYDDATKTFTVTE,0.0407956408751
1,MQYKLILNGKTLKGETTTEAVDAATAEKVFKQYANDNGVWNEWTYDDATKTFTVTE,0.0198518303251
1,MQYKLILNGKTLKGETTTEAVDAATAEKVFKQYANDNGVWSEWTYDDATKTFTYTE,0.00237301588581
1,MQYKLILNGKTLKGETTTEAVDAATAEKVFKQYANDNGLFGEWTYDDATKTFTVTE,4.02906611368
1,MQYKLILNGKTLKGETTTEAVDAATAEKVFKQYANDNGQYAEWTYDDATKTFTVTE,0.00301190477814
1,MQYKLILNGKTLKGETTTEAVDAATAEKVFKQYANDNGVYNEWTYDDATKTFTFTE,0.0015226851934
1,MQYKLILNGKTLKGETTTEAVDAATAEKVFKQYANDNGWFAEWTYDDATKTFTVTE,0.0718436002126
1,MQYKLILNGKTLKGETTTEAVDAATAEKVFKQYANDNGYWKEWTYDDATKTFTVTE,0.0
1,MQYKLILNGKTLKGETTTEAVDAATAEKVFKQYANDNGVWSEWTYDDATKTFTCTE,0.0660000003559
1,MQYKLILNGKTLKGETTTEAVDAATAEKVFKQYANDNGMYGEWTYDDATKTFTFTE,2.02482913077
1,MQYKLILNGKTLKGETTTEAVDAATAEKVFKQYANDNGFFGEWTYDDATKTFTVTE,3.60057588419
1,MQYKLILNGKTLKGETTTEAVDAATAEKVFKQYANDNGLYGEWTYDDATKTFTATE,3.48423401082
1,MQYKLILNGKTLKGETTTEAVDAATAEKVFKQYANDNGMFGEWTYDDATKTFTVTE,2.26650809173
1,MQYKLILNGKTLKGETTTEAVDAATAEKVFKQYANDNGHWVEWTYDDATKTFTVTE,0.00405776134983
1,MQYKLILNGKTLKGETTTEAVDAATAEKVFKQYANDNGVWNEWTYDDATKTFTITE,0.011526869221
1,MQYKLILNGKTLKGETTTEAVDAATAEKVFKQYANDNGIWNEWTYDDATKTFTVTE,0.0114499565456
1,MQYKLILNGKTLKGETTTEAVDAATAEKVFKQYANDNGIYAEWTYDDATKTFTFTE,0.0903571433443
1,MQYKLILNGKTLKGETTTEAVDAATAEKVFKQYANDNGFYAEWTYDDATKTFTVTE,0.777318310202
1,MQYKLILNGKTLKGETTTEAVDAATAEKVFKQYANDNGIHGEWTYDDATKTFTVTE,2.86764802541
1,MQYKLILNGKTLKGETTTEAVDAATAEKVFKQYANDNGTYGEWTYDDATKTFTITE,2.65518230598
1,MQYKLILNGKTLKGETTTEAVDAATAEKVFKQYANDNGQYAEWTYDDATKTFTITE,0.0074750000403
1,MQYKLILNGKTLKGETTTEAVDAATAEKVFKQYANDNGHWAEWTYDDATKTFTVTE,0.0104968085672
1,MQYKLILNGKTLKGETTTEAVDAATAEKVFKQYANDNGMWGEWTYDDATKTFTITE,2.03812460169
1,MQYKLILNGKTLKGETTTEAVDAATAEKVFKQYANDNGIWGEWTYDDATKTFTFTE,5.77203220934
1,MQYKLILNGKTLKGETTTEAVDAATAEKVFKQYANDNGIWAEWTYDDATKTFTYTE,0.0466182798212
1,MQYKLILNGKTLKGETTTEAVDAATAEKVFKQYANDNGAYGEWTYDDATKTFTITE,1.20175000648
1,MQYKLILNGKTLKGETTTEAVDAATAEKVFKQYANDNGYFAEWTYDDATKTFTVTE,0.0838555245314
1,MQYKLILNGKTLKGETTTEAVDAATAEKVFKQYANDNGVYHEWTYDDATKTFTFTE,0.00428255210642
1,MQYKLILNGKTLKGETTTEAVDAATAEKVFKQYANDNGQWYEWTYDDATKTFTVTE,0.119745146277
1,MQYKLILNGKTLKGETTTEAVDAATAEKVFKQYANDNGAWGEWTYDDATKTFTVTE,0.657800003547
1,MQYKLILNGKTLKGETTTEAVDAATAEKVFKQYANDNGTWGEWTYDDATKTFTITE,1.8856933435
1,MQYKLILNGKTLKGETTTEAVDAATAEKVFKQYANDNGVYAEWTYDDATKTFTITE,0.552167886189
1,MQYKLILNGKTLKGETTTEAVDAATAEKVFKQYANDNGMYAEWTYDDATKTFTFTE,0.0118431070597
1,MQYKLILNGKTLKGETTTEAVDAATAEKVFKQYANDNGLHGEWTYDDATKTFTVTE,3.35696195393
1,MQYKLILNGKTLKGETTTEAVDAATAEKVFKQYANDNGLWGEWTYDDATKTFTYTE,0.112125000605
1,MQYKLILNGKTLKGETTTEAVDAATAEKVFKQYANDNGLYAEWTYDDATKTFTFTE,0.0254240197449
2,MQYKLILNGKTLKGETTTEAVDAATAEKVFKQYANDNGIWGEWTYDDATKTFTWTE,1.07726667247
2,MQYKLILNGKTLKGETTTEAVDAATAEKVFKQYANDNGFFGEWTYDDATKTFTWTE,1.4984149827
2,MQYKLILNGKTLKGETTTEAVDAATAEKVFKQYANDNGIFGEWTYDDATKTFTWTE,0.524457038583
2,MQYKLILNGKTLKGETTTEAVDAATAEKVFKQYANDNGFWGEWTYDDATKTFTWTE,1.86637699419
2,MQYKLILNGKTLKGETTTEAVDAATAEKVFKQYANDNGFIGEWTYDDATKTFTWTE,0.434679038802
2,MQYKLILNGKTLKGETTTEAVDAATAEKVFKQYANDNGIRGEWTYDDATKTFTCTE,2.60475450272
2,MQYKLILNGKTLKGETTTEAVDAATAEKVFKQYANDNGLFGEWTYDDATKTFTWTE,1.34191200724
2,MQYKLILNGKTLKGETTTEAVDAATAEKVFKQYANDNGIRGEWTYDDATKTFTFTE,1.87366777326
2,MQYKLILNGKTLKGETTTEAVDAATAEKVFKQYANDNGFFGEWTYDDATKTFTFTE,1.84584084724
2,MQYKLILNGKTLKGETTTEAVDAATAEKVFKQYANDNGFLGEWTYDDATKTFTWTE,0.0988074717971
2,MQYKLILNGKTLKGETTTEAVDAATAEKVFKQYANDNGFRGEWTYDDATKTFTFTE,0.712036599959
2,MQYKLILNGKTLKGETTTEAVDAATAEKVFKQYANDNGFYGEWTYDDATKTFTWTE,2.31627288831
2,MQYKLILNGKTLKGETTTEAVDAATAEKVFKQYANDNGVWGEWTYDDATKTFTWTE,2.35745297795
2,MQYKLILNGKTLKGETTTEAVDAATAEKVFKQYANDNGFRGEWTYDDATKTFTWTE,0.21457840028
2,MQYKLILNGKTLKGETTTEAVDAATAEKVFKQYANDNGFMGEWTYDDATKTFTWTE,0.0991365253572
2,MQYKLILNGKTLKGETTTEAVDAATAEKVFKQYANDNGFWGEWTYDDATKTFTFTE,4.75534585897
2,MQYKLILNGKTLKGETTTEAVDAATAEKVFKQYANDNGMFGEWTYDDATKTFTWTE,0.747891878213
2,MQYKLILNGKTLKGETTTEAVDAATAEKVFKQYANDNGFRGEWTYDDATKTFTCTE,2.04508334436
2,MQYKLILNGKTLKGETTTEAVDAATAEKVFKQYANDNGFFGEWTYDDATKTFTCTE,4.36614752354
2,MQYKLILNGKTLKGETTTEAVDAATAEKVFKQYANDNGVFGEWTYDDATKTFTWTE,0.971786064091
2,MQYKLILNGKTLKGETTTEAVDAATAEKVFKQYANDNGLWGEWTYDDATKTFTWTE,1.4913613837
2,MQYKLILNGKTLKGETTTEAVDAATAEKVFKQYANDNGIIGEWTYDDATKTFTWTE,0.151367522184
2,MQYKLILNGKTLKGETTTEAVDAATAEKVFKQYANDNGIYGEWTYDDATKTFTWTE,0.675745101683
2,MQYKLILNGKTLKGETTTEAVDAATAEKVFKQYANDNGWFGEWTYDDATKTFTWTE,2.50198076876
2,MQYKLILNGKTLKGETTTEAVDAATAEKVFKQYANDNGLRGEWTYDDATKTFTCTE,2.0282166776
2,MQYKLILNGKTLKGETTTEAVDAATAEKVFKQYANDNGICGEWTYDDATKTFTWTE,0.222143344249
2,MQYKLILNGKTLKGETTTEAVDAATAEKVFKQYANDNGMWGEWTYDDATKTFTWTE,0.989373989074
2,MQYKLILNGKTLKGETTTEAVDAATAEKVFKQYANDNGYFGEWTYDDATKTFTWTE,1.82265417649
2,MQYKLILNGKTLKGETTTEAVDAATAEKVFKQYANDNGIRGEWTYDDATKTFTWTE,0.194341319282
2,MQYKLILNGKTLKGETTTEAVDAATAEKVFKQYANDNGFHGEWTYDDATKTFTFTE,1.29019716143
2,MQYKLILNGKTLKGETTTEAVDAATAEKVFKQYANDNGFKGEWTYDDATKTFTCTE,1.22246018358
2,MQYKLILNGKTLKGETTTEAVDAATAEKVFKQYANDNGFCGEWTYDDATKTFTWTE,0.243629630943
2,MQYKLILNGKTLKGETTTEAVDAATAEKVFKQYANDNGIFGEWTYDDATKTFTFTE,2.89812877442
2,MQYKLILNGKTLKGETTTEAVDAATAEKVFKQYANDNGIHGEWTYDDATKTFTCTE,3.1086820343
2,MQYKLILNGKTLKGETTTEAVDAATAEKVFKQYANDNGFHGEWTYDDATKTFTWTE,0.861404766549
2,MQYKLILNGKTLKGETTTEAVDAATAEKVFKQYANDNGIHGEWTYDDATKTFTFTE,2.84187254357
2,MQYKLILNGKTLKGETTTEAVDAATAEKVFKQYANDNGFPGEWTYDDATKTFTWTE,0.00556514385403
2,MQYKLILNGKTLKGETTTEAVDAATAEKVFKQYANDNGFYGEWTYDDATKTFTCTE,4.36527847882
2,MQYKLILNGKTLKGETTTEAVDAATAEKVFKQYANDNGCFGEWTYDDATKTFTWTE,0.822628572575
2,MQYKLILNGKTLKGETTTEAVDAATAEKVFKQYANDNGFHGEWTYDDATKTFTCTE,3.97836113256
2,MQYKLILNGKTLKGETTTEAVDAATAEKVFKQYANDNGVRGEWTYDDATKTFTCTE,2.26938777424
2,MQYKLILNGKTLKGETTTEAVDAATAEKVFKQYANDNGILGEWTYDDATKTFTWTE,0.0251548758526
2,MQYKLILNGKTLKGETTTEAVDAATAEKVFKQYANDNGVCGEWTYDDATKTFTWTE,0.535551955468
2,MQYKLILNGKTLKGETTTEAVDAATAEKVFKQYANDNGFQGEWTYDDATKTFTCTE,1.10192687669
2,MQYKLILNGKTLKGETTTEAVDAATAEKVFKQYANDNGLCGEWTYDDATKTFTWTE,0.278549051061
2,MQYKLILNGKTLKGETTTEAVDAATAEKVFKQYANDNGFIGEWTYDDATKTFTCTE,1.76126924027
2,MQYKLILNGKTLKGETTTEAVDAATAEKVFKQYANDNGFVGEWTYDDATKTFTWTE,0.278670503595
2,MQYKLILNGKTLKGETTTEAVDAATAEKVFKQYANDNGIFGEWTYDDATKTFTCTE,3.17097133842
2,MQYKLILNGKTLKGETTTEAVDAATAEKVFKQYANDNGWIGEWTYDDATKTFTWTE,0.362501325306
2,MQYKLILNGKTLKGETTTEAVDAATAEKVFKQYANDNGIWGEWTYDDATKTFTCTE,3.95087308632
2,MQYKLILNGKTLKGETTTEAVDAATAEKVFKQYANDNGCIGEWTYDDATKTFTWTE,0.127905556245
2,MQYKLILNGKTLKGETTTEAVDAATAEKVFKQYANDNGIFCEWTYDDATKTFTWTE,0.0123290081403
2,MQYKLILNGKTLKGETTTEAVDAATAEKVFKQYANDNGIMGEWTYDDATKTFTWTE,0.0570825387285
2,MQYKLILNGKTLKGETTTEAVDAATAEKVFKQYANDNGLRGEWTYDDATKTFTWTE,0.346303997548
2,MQYKLILNGKTLKGETTTEAVDAATAEKVFKQYANDNGCLGEWTYDDATKTFTWTE,0.0260603826542
2,MQYKLILNGKTLKGETTTEAVDAATAEKVFKQYANDNGWLGEWTYDDATKTFTWTE,0.0978280750962
2,MQYKLILNGKTLKGETTTEAVDAATAEKVFKQYANDNGFWGEWTYDDATKTFTCTE,3.44021840935
2,MQYKLILNGKTLKGETTTEAVDAATAEKVFKQYANDNGIWCEWTYDDATKTFTWTE,0.019718225526
2,MQYKLILNGKTLKGETTTEAVDAATAEKVFKQYANDNGMIGEWTYDDATKTFTWTE,0.253307338586
2,MQYKLILNGKTLKGETTTEAVDAATAEKVFKQYANDNGIYGEWTYDDATKTFTCTE,4.4857497292
2,MQYKLILNGKTLKGETTTEAVDAATAEKVFKQYANDNGIKGEWTYDDATKTFTCTE,1.96778764502
2,MQYKLILNGKTLKGETTTEAVDAATAEKVFKQYANDNGIPCEWTYDDATKTFTWTE,0.00889880957179
2,MQYKLILNGKTLKGETTTEAVDAATAEKVFKQYANDNGMRGEWTYDDATKTFTCTE,1.49006936856
2,MQYKLILNGKTLKGETTTEAVDAATAEKVFKQYANDNGLIGEWTYDDATKTFTWTE,0.375375002024
2,MQYKLILNGKTLKGETTTEAVDAATAEKVFKQYANDNGIQGEWTYDDATKTFTCTE,1.23927632247
2,MQYKLILNGKTLKGETTTEAVDAATAEKVFKQYANDNGIHCEWTYDDATKTFTWTE,0.00830555560034
2,MQYKLILNGKTLKGETTTEAVDAATAEKVFKQYANDNGCVGEWTYDDATKTFTWTE,0.117666323304
2,MQYKLILNGKTLKGETTTEAVDAATAEKVFKQYANDNGLHGEWTYDDATKTFTCTE,2.67328306446
2,MQYKLILNGKTLKGETTTEAVDAATAEKVFKQYANDNGMRGEWTYDDATKTFTWTE,0.198283731228
2,MQYKLILNGKTLKGETTTEAVDAATAEKVFKQYANDNGIIGEWTYDDATKTFTCTE,1.82733657639
2,MQYKLILNGKTLKGETTTEAVDAATAEKVFKQYANDNGHFGEWTYDDATKTFTWTE,0.822250004433
2,MQYKLILNGKTLKGETTTEAVDAATAEKVFKQYANDNGFLGEWTYDDATKTFTCTE,0.827881853779
2,MQYKLILNGKTLKGETTTEAVDAATAEKVFKQYANDNGIFCEWTYDDATKTFTCTE,1.40623438258
2,MQYKLILNGKTLKGETTTEAVDAATAEKVFKQYANDNGIWCEWTYDDATKTFTCTE,2.5902805304
2,MQYKLILNGKTLKGETTTEAVDAATAEKVFKQYANDNGMCGEWTYDDATKTFTWTE,0.157740669253
2,MQYKLILNGKTLKGETTTEAVDAATAEKVFKQYANDNGFQGEWTYDDATKTFTFTE,0.26374056746
2,MQYKLILNGKTLKGETTTEAVDAATAEKVFKQYANDNGILGEWTYDDATKTFTCTE,0.772628381072
2,MQYKLILNGKTLKGETTTEAVDAATAEKVFKQYANDNGFFPEWTYDDATKTFTWTE,0.00215813649458
2,MQYKLILNGKTLKGETTTEAVDAATAEKVFKQYANDNGFFCEWTYDDATKTFTWTE,0.013051587372
2,MQYKLILNGKTLKGETTTEAVDAATAEKVFKQYANDNGFQGEWTYDDATKTFTWTE,0.194743422103
2,MQYKLILNGKTLKGETTTEAVDAATAEKVFKQYANDNGLRGEWTYDDATKTFTFTE,0.966718755212
2,MQYKLILNGKTLKGETTTEAVDAATAEKVFKQYANDNGFLGEWTYDDATKTFTFTE,0.209593138385
2,MQYKLILNGKTLKGETTTEAVDAATAEKVFKQYANDNGVRCEWTYDDATKTFTCTE,1.71925000927
2,MQYKLILNGKTLKGETTTEAVDAATAEKVFKQYANDNGLKGEWTYDDATKTFTCTE,1.70980757153
2,MQYKLILNGKTLKGETTTEAVDAATAEKVFKQYANDNGVHGEWTYDDATKTFTCTE,3.15825911665
2,MQYKLILNGKTLKGETTTEAVDAATAEKVFKQYANDNGIRCEWTYDDATKTFTCTE,2.00635885436
2,MQYKLILNGKTLKGETTTEAVDAATAEKVFKQYANDNGCRGEWTYDDATKTFTWTE,0.103879981124
2,MQYKLILNGKTLKGETTTEAVDAATAEKVFKQYANDNGCWGEWTYDDATKTFTWTE,1.06849675055
2,MQYKLILNGKTLKGETTTEAVDAATAEKVFKQYANDNGIYCEWTYDDATKTFTCTE,1.85079929313
2,MQYKLILNGKTLKGETTTEAVDAATAEKVFKQYANDNGIWPEWTYDDATKTFTWTE,0.0
2,MQYKLILNGKTLKGETTTEAVDAATAEKVFKQYANDNGICGEWTYDDATKTFTFTE,1.66722194336
2,MQYKLILNGKTLKGETTTEAVDAATAEKVFKQYANDNGVFCEWTYDDATKTFTWTE,0.0148420578418
2,MQYKLILNGKTLKGETTTEAVDAATAEKVFKQYANDNGIRCEWTYDDATKTFTWTE,0.00612476725835
2,MQYKLILNGKTLKGETTTEAVDAATAEKVFKQYANDNGVWCEWTYDDATKTFTWTE,0.0245232457463
2,MQYKLILNGKTLKGETTTEAVDAATAEKVFKQYANDNGCRGEWTYDDATKTFTFTE,0.859053771007
2,MQYKLILNGKTLKGETTTEAVDAATAEKVFKQYANDNGFCGEWTYDDATKTFTFTE,0.669482244047
3,MQYKLILNGKTLKGETTTEAVDAATAEKVFKQYANDNGTYCEWTYDDATKTFTATE,2.36647562252
3,MQYKLILNGKTLKGETTTEAVDAATAEKVFKQYANDNGFHCEWTYDDATKTFTGTE,2.68171733472
3,MQYKLILNGKTLKGETTTEAVDAATAEKVFKQYANDNGTYCEWTYDDATKTFTGTE,2.22007501197
3,MQYKLILNGKTLKGETTTEAVDAATAEKVFKQYANDNGVYCEWTYDDATKTFTGTE,4.46364288121
3,MQYKLILNGKTLKGETTTEAVDAATAEKVFKQYANDNGLYCEWTYDDATKTFTGTE,3.60174714586
3,MQYKLILNGKTLKGETTTEAVDAATAEKVFKQYANDNGYHCEWTYDDATKTFTGTE,2.37436237235
3,MQYKLILNGKTLKGETTTEAVDAATAEKVFKQYANDNGFYCEWTYDDATKTFTGTE,3.52882293569
3,MQYKLILNGKTLKGETTTEAVDAATAEKVFKQYANDNGCYVEWTYDDATKTFTGTE,1.44231624709
3,MQYKLILNGKTLKGETTTEAVDAATAEKVFKQYANDNGKYCEWTYDDATKTFTATE,1.24707917339
3,MQYKLILNGKTLKGETTTEAVDAATAEKVFKQYANDNGTYGEWTYDDATKTFTCTE,3.42604168514
3,MQYKLILNGKTLKGETTTEAVDAATAEKVFKQYANDNGIYCEWTYDDATKTFTGTE,3.907836258
3,MQYKLILNGKTLKGETTTEAVDAATAEKVFKQYANDNGHHCEWTYDDATKTFTCTE,1.15431250622
3,MQYKLILNGKTLKGETTTEAVDAATAEKVFKQYANDNGYYCEWTYDDATKTFTGTE,3.46384628304
3,MQYKLILNGKTLKGETTTEAVDAATAEKVFKQYANDNGKYCEWTYDDATKTFTGTE,0.803127911307
3,MQYKLILNGKTLKGETTTEAVDAATAEKVFKQYANDNGYHCEWTYDDATKTFTCTE,0.81145932196
3,MQYKLILNGKTLKGETTTEAVDAATAEKVFKQYANDNGMYCEWTYDDATKTFTGTE,2.83387081039
3,MQYKLILNGKTLKGETTTEAVDAATAEKVFKQYANDNGCHVEWTYDDATKTFTGTE,0.682997987553
3,MQYKLILNGKTLKGETTTEAVDAATAEKVFKQYANDNGIHCEWTYDDATKTFTGTE,3.11532344914
3,MQYKLILNGKTLKGETTTEAVDAATAEKVFKQYANDNGTHCEWTYDDATKTFTCTE,1.09633333924
3,MQYKLILNGKTLKGETTTEAVDAATAEKVFKQYANDNGYKCEWTYDDATKTFTCTE,0.765951805932
3,MQYKLILNGKTLKGETTTEAVDAATAEKVFKQYANDNGYKCEWTYDDATKTFTGTE,2.12249474036
3,MQYKLILNGKTLKGETTTEAVDAATAEKVFKQYANDNGKYCEWTYDDATKTFTCTE,0.614324715956
3,MQYKLILNGKTLKGETTTEAVDAATAEKVFKQYANDNGCYGEWTYDDATKTFTCTE,3.56847515585
3,MQYKLILNGKTLKGETTTEAVDAATAEKVFKQYANDNGCHFEWTYDDATKTFTGTE,3.10359070301
3,MQYKLILNGKTLKGETTTEAVDAATAEKVFKQYANDNGTKCEWTYDDATKTFTCTE,0.564777780823
3,MQYKLILNGKTLKGETTTEAVDAATAEKVFKQYANDNGKHCEWTYDDATKTFTCTE,0.46985714539
3,MQYKLILNGKTLKGETTTEAVDAATAEKVFKQYANDNGCYFEWTYDDATKTFTGTE,1.96537805938
3,MQYKLILNGKTLKGETTTEAVDAATAEKVFKQYANDNGYRCEWTYDDATKTFTGTE,3.25983371534
3,MQYKLILNGKTLKGETTTEAVDAATAEKVFKQYANDNGCYAEWTYDDATKTFTGTE,1.29741960499
3,MQYKLILNGKTLKGETTTEAVDAATAEKVFKQYANDNGCHGEWTYDDATKTFTCTE,2.04420487213
3,MQYKLILNGKTLKGETTTEAVDAATAEKVFKQYANDNGTYCEWTYDDATKTFTVTE,0.0261031747439
3,MQYKLILNGKTLKGETTTEAVDAATAEKVFKQYANDNGTYCEWTYDDATKTFTNTE,0.0288508773485
3,MQYKLILNGKTLKGETTTEAVDAATAEKVFKQYANDNGCYLEWTYDDATKTFTGTE,2.6258683019
3,MQYKLILNGKTLKGETTTEAVDAATAEKVFKQYANDNGLYGEWTYDDATKTFTCTE,4.33564342865
3,MQYKLILNGKTLKGETTTEAVDAATAEKVFKQYANDNGCYGEWTYDDATKTFTHTE,0.647205185562
3,MQYKLILNGKTLKGETTTEAVDAATAEKVFKQYANDNGTWCEWTYDDATKTFTATE,1.28271000692
3,MQYKLILNGKTLKGETTTEAVDAATAEKVFKQYANDNGCKVEWTYDDATKTFTGTE,0.10803107528
3,MQYKLILNGKTLKGETTTEAVDAATAEKVFKQYANDNGTYCEWTYDDATKTFTCTE,1.33126191194
3,MQYKLILNGKTLKGETTTEAVDAATAEKVFKQYANDNGYHVEWTYDDATKTFTGTE,0.436159677588
3,MQYKLILNGKTLKGETTTEAVDAATAEKVFKQYANDNGLHCEWTYDDATKTFTGTE,3.24264768905
3,MQYKLILNGKTLKGETTTEAVDAATAEKVFKQYANDNGHYCEWTYDDATKTFTGTE,1.78586930787
3,MQYKLILNGKTLKGETTTEAVDAATAEKVFKQYANDNGTFCEWTYDDATKTFTATE,1.20727183191
3,MQYKLILNGKTLKGETTTEAVDAATAEKVFKQYANDNGKKCEWTYDDATKTFTCTE,0.409661923917
3,MQYKLILNGKTLKGETTTEAVDAATAEKVFKQYANDNGTFCEWTYDDATKTFTGTE,0.769765961597
3,MQYKLILNGKTLKGETTTEAVDAATAEKVFKQYANDNGPHCEWTYDDATKTFTCTE,0.0304537038679
3,MQYKLILNGKTLKGETTTEAVDAATAEKVFKQYANDNGKYCEWTYDDATKTFTVTE,0.0399704863266
3,MQYKLILNGKTLKGETTTEAVDAATAEKVFKQYANDNGCYMEWTYDDATKTFTGTE,1.46177778566
3,MQYKLILNGKTLKGETTTEAVDAATAEKVFKQYANDNGAYCEWTYDDATKTFTGTE,1.64696229344343
3,MQYKLILNGKTLKGETTTEAVDAATAEKVFKQYANDNGYHFEWTYDDATKTFTCTE,0.879259338074
3,MQYKLILNGKTLKGETTTEAVDAATAEKVFKQYANDNGFHFEWTYDDATKTFTCTE,0.657800003547
3,MQYKLILNGKTLKGETTTEAVDAATAEKVFKQYANDNGVHCEWTYDDATKTFTGTE,3.42008335177
3,MQYKLILNGKTLKGETTTEAVDAATAEKVFKQYANDNGCHGEWTYDDATKTFTHTE,0.166913671312
3,MQYKLILNGKTLKGETTTEAVDAATAEKVFKQYANDNGMHCEWTYDDATKTFTGTE,2.67139890329
3,MQYKLILNGKTLKGETTTEAVDAATAEKVFKQYANDNGYFCEWTYDDATKTFTGTE,2.2561844037
3,MQYKLILNGKTLKGETTTEAVDAATAEKVFKQYANDNGTYCEWTYDDATKTFTETE,0.0
3,MQYKLILNGKTLKGETTTEAVDAATAEKVFKQYANDNGPYCEWTYDDATKTFTCTE,0.0233262412605
3,MQYKLILNGKTLKGETTTEAVDAATAEKVFKQYANDNGYCVEWTYDDATKTFTGTE,0.223768519725
3,MQYKLILNGKTLKGETTTEAVDAATAEKVFKQYANDNGCWVEWTYDDATKTFTGTE,1.15433702173
3,MQYKLILNGKTLKGETTTEAVDAATAEKVFKQYANDNGKYCEWTYDDATKTFTETE,0.0
3,MQYKLILNGKTLKGETTTEAVDAATAEKVFKQYANDNGIWCEWTYDDATKTFTGTE,4.80204153824
3,MQYKLILNGKTLKGETTTEAVDAATAEKVFKQYANDNGTTCEWTYDDATKTFTCTE,0.442069894857
3,MQYKLILNGKTLKGETTTEAVDAATAEKVFKQYANDNGCYGEWTYDDATKTFTGTE,0.316659386821
3,MQYKLILNGKTLKGETTTEAVDAATAEKVFKQYANDNGKWCEWTYDDATKTFTCTE,0.559353744512
3,MQYKLILNGKTLKGETTTEAVDAATAEKVFKQYANDNGFHCEWTYDDATKTFTHTE,0.0349893618908
3,MQYKLILNGKTLKGETTTEAVDAATAEKVFKQYANDNGCYYEWTYDDATKTFTGTE,0.683633145448
3,MQYKLILNGKTLKGETTTEAVDAATAEKVFKQYANDNGIKCEWTYDDATKTFTCTE,1.51913066014
3,MQYKLILNGKTLKGETTTEAVDAATAEKVFKQYANDNGCFGEWTYDDATKTFTHTE,0.315122550719
3,MQYKLILNGKTLKGETTTEAVDAATAEKVFKQYANDNGCYGEWTYDDATKTFTNTE,3.18966780243
3,MQYKLILNGKTLKGETTTEAVDAATAEKVFKQYANDNGTYCEWTYDDATKTFTSTE,0.0465424530811
3,MQYKLILNGKTLKGETTTEAVDAATAEKVFKQYANDNGFHCEWTYDDATKTFTETE,0.0216381580114
3,MQYKLILNGKTLKGETTTEAVDAATAEKVFKQYANDNGTWCEWTYDDATKTFTCTE,0.976421880265
3,MQYKLILNGKTLKGETTTEAVDAATAEKVFKQYANDNGKYCEWTYDDATKTFTNTE,0.0
3,MQYKLILNGKTLKGETTTEAVDAATAEKVFKQYANDNGTYGEWTYDDATKTFTGTE,0.163631841678
3,MQYKLILNGKTLKGETTTEAVDAATAEKVFKQYANDNGHYCEWTYDDATKTFTCTE,1.72180556484
3,MQYKLILNGKTLKGETTTEAVDAATAEKVFKQYANDNGPFFEWTYDDATKTFTCTE,0.00571006947523
3,MQYKLILNGKTLKGETTTEAVDAATAEKVFKQYANDNGYHVEWTYDDATKTFTCTE,0.0656525197338
3,MQYKLILNGKTLKGETTTEAVDAATAEKVFKQYANDNGTWCEWTYDDATKTFTGTE,2.31448149396
3,MQYKLILNGKTLKGETTTEAVDAATAEKVFKQYANDNGCYAEWTYDDATKTFTATE,2.52242319068
3,MQYKLILNGKTLKGETTTEAVDAATAEKVFKQYANDNGFYFEWTYDDATKTFTGTE,2.64393519944
3,MQYKLILNGKTLKGETTTEAVDAATAEKVFKQYANDNGTCYEWTYDDATKTFTGTE,0.548166669622
3,MQYKLILNGKTLKGETTTEAVDAATAEKVFKQYANDNGYHYEWTYDDATKTFTCTE,0.0368171643776
3,MQYKLILNGKTLKGETTTEAVDAATAEKVFKQYANDNGVKCEWTYDDATKTFTCTE,1.12602570052
3,MQYKLILNGKTLKGETTTEAVDAATAEKVFKQYANDNGHHCEWTYDDATKTFTHTE,0.0
3,MQYKLILNGKTLKGETTTEAVDAATAEKVFKQYANDNGHYFEWTYDDATKTFTCTE,0.0258569183784
3,MQYKLILNGKTLKGETTTEAVDAATAEKVFKQYANDNGCYGEWTYDDATKTFTETE,0.132661340137
3,MQYKLILNGKTLKGETTTEAVDAATAEKVFKQYANDNGWHCEWTYDDATKTFTGTE,3.0637192911
3,MQYKLILNGKTLKGETTTEAVDAATAEKVFKQYANDNGHCGEWTYDDATKTFTCTE,0.809614957084
3,MQYKLILNGKTLKGETTTEAVDAATAEKVFKQYANDNGHYCEWTYDDATKTFTETE,0.0
3,MQYKLILNGKTLKGETTTEAVDAATAEKVFKQYANDNGRYFEWTYDDATKTFTCTE,0.00413190957002
3,MQYKLILNGKTLKGETTTEAVDAATAEKVFKQYANDNGCKLEWTYDDATKTFTGTE,2.19701720761
3,MQYKLILNGKTLKGETTTEAVDAATAEKVFKQYANDNGTHCEWTYDDATKTFTATE,5.23368653616
3,MQYKLILNGKTLKGETTTEAVDAATAEKVFKQYANDNGTYCEWTYDDATKTFTHTE,0.0
3,MQYKLILNGKTLKGETTTEAVDAATAEKVFKQYANDNGFHVEWTYDDATKTFTGTE,0.454670952607
3,MQYKLILNGKTLKGETTTEAVDAATAEKVFKQYANDNGRYCEWTYDDATKTFTCTE,0.561130070593
3,MQYKLILNGKTLKGETTTEAVDAATAEKVFKQYANDNGHFCEWTYDDATKTFTETE,0.00971926719188
3,MQYKLILNGKTLKGETTTEAVDAATAEKVFKQYANDNGTCGEWTYDDATKTFTCTE,0.517712965754
4,MQYKLILNGKTLKGETTTEAVDAATAEKVFKQYANDNGAHCEWTYDDATKTFTATE,9.9130883273888
4,MQYKLILNGKTLKGETTTEAVDAATAEKVFKQYANDNGIRCEWTYDDATKTFTGTE,2.90163627237
4,MQYKLILNGKTLKGETTTEAVDAATAEKVFKQYANDNGTPCEWTYDDATKTFTATE,1.22758451366
4,MQYKLILNGKTLKGETTTEAVDAATAEKVFKQYANDNGCHAEWTYDDATKTFTATE,3.86607843153
4,MQYKLILNGKTLKGETTTEAVDAATAEKVFKQYANDNGLHCEWTYDDATKTFTATE,4.82340475447
4,MQYKLILNGKTLKGETTTEAVDAATAEKVFKQYANDNGIWFEWTYDDATKTFTGTE,4.13352980245
4,MQYKLILNGKTLKGETTTEAVDAATAEKVFKQYANDNGTRCEWTYDDATKTFTATE,2.73744960324
4,MQYKLILNGKTLKGETTTEAVDAATAEKVFKQYANDNGTHAEWTYDDATKTFTATE,2.17236420924
4,MQYKLILNGKTLKGETTTEAVDAATAEKVFKQYANDNGVHCEWTYDDATKTFTATE,5.06357347363
4,MQYKLILNGKTLKGETTTEAVDAATAEKVFKQYANDNGTHCEWTYDDATKTFTPTE,0.00913611116037
4,MQYKLILNGKTLKGETTTEAVDAATAEKVFKQYANDNGKHCEWTYDDATKTFTATE,3.62975227182
4,MQYKLILNGKTLKGETTTEAVDAATAEKVFKQYANDNGTNCEWTYDDATKTFTATE,4.68511200443
4,MQYKLILNGKTLKGETTTEAVDAATAEKVFKQYANDNGTPCEWTYDDATKTFTPTE,0.0144254386743
4,MQYKLILNGKTLKGETTTEAVDAATAEKVFKQYANDNGTTCEWTYDDATKTFTPTE,0.00913611116037
4,MQYKLILNGKTLKGETTTEAVDAATAEKVFKQYANDNGLRCEWTYDDATKTFTGTE,3.88435130661
4,MQYKLILNGKTLKGETTTEAVDAATAEKVFKQYANDNGCCCEWTYDDATKTFTCTE,0.545121299235
4,MQYKLILNGKTLKGETTTEAVDAATAEKVFKQYANDNGCCNEWTYDDATKTFTNTE,0.0117464286348
4,MQYKLILNGKTLKGETTTEAVDAATAEKVFKQYANDNGIWCEWTYDDATKTFTPTE,0.0298225390209
4,MQYKLILNGKTLKGETTTEAVDAATAEKVFKQYANDNGTTCEWTYDDATKTFTRTE,0.00485103247453
4,MQYKLILNGKTLKGETTTEAVDAATAEKVFKQYANDNGTQCEWTYDDATKTFTATE,1.71497858068
4,MQYKLILNGKTLKGETTTEAVDAATAEKVFKQYANDNGTQCEWTYDDATKTFTPTE,0.00945114947625
4,MQYKLILNGKTLKGETTTEAVDAATAEKVFKQYANDNGLRCEWTYDDATKTFTATE,5.89092667847
4,MQYKLILNGKTLKGETTTEAVDAATAEKVFKQYANDNGTDCEWTYDDATKTFTATE,2.4667500133
4,MQYKLILNGKTLKGETTTEAVDAATAEKVFKQYANDNGIHCEWTYDDATKTFTATE,4.77653600226
4,MQYKLILNGKTLKGETTTEAVDAATAEKVFKQYANDNGIRCEWTYDDATKTFTATE,4.42016162604
4,MQYKLILNGKTLKGETTTEAVDAATAEKVFKQYANDNGCCCEWTYDDATKTFTNTE,0.0135684819213
4,MQYKLILNGKTLKGETTTEAVDAATAEKVFKQYANDNGIPCEWTYDDATKTFTGTE,1.1317661658
4,MQYKLILNGKTLKGETTTEAVDAATAEKVFKQYANDNGVRCEWTYDDATKTFTGTE,2.72017633207
4,MQYKLILNGKTLKGETTTEAVDAATAEKVFKQYANDNGTNCEWTYDDATKTFTPTE,0.00380671298349
4,MQYKLILNGKTLKGETTTEAVDAATAEKVFKQYANDNGIYCEWTYDDATKTFTPTE,0.025507755612
4,MQYKLILNGKTLKGETTTEAVDAATAEKVFKQYANDNGMYGEWTYDDATKTFTCTE,3.15234114828
4,MQYKLILNGKTLKGETTTEAVDAATAEKVFKQYANDNGWRCEWTYDDATKTFTGTE,3.60551238048
4,MQYKLILNGKTLKGETTTEAVDAATAEKVFKQYANDNGCNNEWTYDDATKTFTNTE,0.00945114947625
4,MQYKLILNGKTLKGETTTEAVDAATAEKVFKQYANDNGCNCEWTYDDATKTFTRTE,0.00417650795903
4,MQYKLILNGKTLKGETTTEAVDAATAEKVFKQYANDNGCNNEWTYDDATKTFTRTE,0.0118769445085
4,MQYKLILNGKTLKGETTTEAVDAATAEKVFKQYANDNGINCEWTYDDATKTFTGTE,3.39939469425
4,MQYKLILNGKTLKGETTTEAVDAATAEKVFKQYANDNGMHCEWTYDDATKTFTATE,3.73106991259
4,MQYKLILNGKTLKGETTTEAVDAATAEKVFKQYANDNGCCCEWTYDDATKTFTATE,0.242000001305
4,MQYKLILNGKTLKGETTTEAVDAATAEKVFKQYANDNGTHAEWTYDDATKTFTCTE,0.0571006947523
4,MQYKLILNGKTLKGETTTEAVDAATAEKVFKQYANDNGCCCEWTYDDATKTFTRTE,0.0158888889746
4,MQYKLILNGKTLKGETTTEAVDAATAEKVFKQYANDNGVWCEWTYDDATKTFTGTE,5.18361409639
4,MQYKLILNGKTLKGETTTEAVDAATAEKVFKQYANDNGVHCEWTYDDATKTFTPTE,0.0285774093168
4,MQYKLILNGKTLKGETTTEAVDAATAEKVFKQYANDNGLWCEWTYDDATKTFTGTE,5.51568063525
4,MQYKLILNGKTLKGETTTEAVDAATAEKVFKQYANDNGLYCEWTYDDATKTFTPTE,0.0214127605321
4,MQYKLILNGKTLKGETTTEAVDAATAEKVFKQYANDNGTHGEWTYDDATKTFTATE,1.10879167264
4,MQYKLILNGKTLKGETTTEAVDAATAEKVFKQYANDNGTNCEWTYDDATKTFTRTE,0.0140555556313
4,MQYKLILNGKTLKGETTTEAVDAATAEKVFKQYANDNGCNCEWTYDDATKTFTNTE,0.00611793158061
4,MQYKLILNGKTLKGETTTEAVDAATAEKVFKQYANDNGTHGEWTYDDATKTFTCTE,3.30613022616
4,MQYKLILNGKTLKGETTTEAVDAATAEKVFKQYANDNGCCCEWTYDDATKTFTVTE,0.0973520041679
4,MQYKLILNGKTLKGETTTEAVDAATAEKVFKQYANDNGCCNEWTYDDATKTFTRTE,0.00439705884724
4,MQYKLILNGKTLKGETTTEAVDAATAEKVFKQYANDNGARCEWTYDDATKTFTATE,4.41082948115
4,MQYKLILNGKTLKGETTTEAVDAATAEKVFKQYANDNGTACEWTYDDATKTFTATE,2.78113972088
4,MQYKLILNGKTLKGETTTEAVDAATAEKVFKQYANDNGTHCEWTYDDATKTFTGTE,2.30230001241
4,MQYKLILNGKTLKGETTTEAVDAATAEKVFKQYANDNGLYLEWTYDDATKTFTGTE,3.74335582986
4,MQYKLILNGKTLKGETTTEAVDAATAEKVFKQYANDNGAPCEWTYDDATKTFTATE,1.63353667547
4,MQYKLILNGKTLKGETTTEAVDAATAEKVFKQYANDNGCTGEWTYDDATKTFTATE,0.163065482638
4,MQYKLILNGKTLKGETTTEAVDAATAEKVFKQYANDNGINCEWTYDDATKTFTRTE,0.00649486575382
4,MQYKLILNGKTLKGETTTEAVDAATAEKVFKQYANDNGTCAEWTYDDATKTFTATE,1.5896833419
4,MQYKLILNGKTLKGETTTEAVDAATAEKVFKQYANDNGINCEWTYDDATKTFTPTE,0.0100701544739
4,MQYKLILNGKTLKGETTTEAVDAATAEKVFKQYANDNGVRCEWTYDDATKTFTATE,4.79762715806
4,MQYKLILNGKTLKGETTTEAVDAATAEKVFKQYANDNGTTCEWTYDDATKTFTGTE,0.576134356848
4,MQYKLILNGKTLKGETTTEAVDAATAEKVFKQYANDNGICCEWTYDDATKTFTRTE,0.00578031637563
4,MQYKLILNGKTLKGETTTEAVDAATAEKVFKQYANDNGVYCEWTYDDATKTFTPTE,0.0611500667308
4,MQYKLILNGKTLKGETTTEAVDAATAEKVFKQYANDNGIKFEWTYDDATKTFTGTE,1.7508184706
4,MQYKLILNGKTLKGETTTEAVDAATAEKVFKQYANDNGIWCEWTYDDATKTFTRTE,0.0141462366354
4,MQYKLILNGKTLKGETTTEAVDAATAEKVFKQYANDNGIECEWTYDDATKTFTGTE,0.81450206564
4,MQYKLILNGKTLKGETTTEAVDAATAEKVFKQYANDNGIWMEWTYDDATKTFTGTE,2.43675598798
4,MQYKLILNGKTLKGETTTEAVDAATAEKVFKQYANDNGCTAEWTYDDATKTFTPTE,0.00726048569036
4,MQYKLILNGKTLKGETTTEAVDAATAEKVFKQYANDNGTHNEWTYDDATKTFTATE,0.389486844205
4,MQYKLILNGKTLKGETTTEAVDAATAEKVFKQYANDNGTCAEWTYDDATKTFTPTE,0.0122723881259
4,MQYKLILNGKTLKGETTTEAVDAATAEKVFKQYANDNGWWFEWTYDDATKTFTGTE,6.34349747898
4,MQYKLILNGKTLKGETTTEAVDAATAEKVFKQYANDNGCNLEWTYDDATKTFTPTE,0.0450842038984
4,MQYKLILNGKTLKGETTTEAVDAATAEKVFKQYANDNGTHMEWTYDDATKTFTATE,0.303449406398
4,MQYKLILNGKTLKGETTTEAVDAATAEKVFKQYANDNGCNAEWTYDDATKTFTPTE,0.00924546613617
4,MQYKLILNGKTLKGETTTEAVDAATAEKVFKQYANDNGANCEWTYDDATKTFTATE,7.55686908836
4,MQYKLILNGKTLKGETTTEAVDAATAEKVFKQYANDNGIRFEWTYDDATKTFTGTE,2.61382853522
4,MQYKLILNGKTLKGETTTEAVDAATAEKVFKQYANDNGCCYEWTYDDATKTFTCTE,0.0099666667204
4,MQYKLILNGKTLKGETTTEAVDAATAEKVFKQYANDNGCCNEWTYDDATKTFTCTE,0.0198611112182
4,MQYKLILNGKTLKGETTTEAVDAATAEKVFKQYANDNGTECEWTYDDATKTFTPTE,0.0074076576976
4,MQYKLILNGKTLKGETTTEAVDAATAEKVFKQYANDNGKKAEWTYDDATKTFTWTE,0.00165609265747
4,MQYKLILNGKTLKGETTTEAVDAATAEKVFKQYANDNGCNGEWTYDDATKTFTPTE,0.0126671322843
4,MQYKLILNGKTLKGETTTEAVDAATAEKVFKQYANDNGCNGEWTYDDATKTFTATE,0.597071201032
4,MQYKLILNGKTLKGETTTEAVDAATAEKVFKQYANDNGCRLEWTYDDATKTFTGTE,2.88134356392
4,MQYKLILNGKTLKGETTTEAVDAATAEKVFKQYANDNGTPCEWTYDDATKTFTGTE,0.411125002217
4,MQYKLILNGKTLKGETTTEAVDAATAEKVFKQYANDNGTACEWTYDDATKTFTPTE,0.0139364407531
4,MQYKLILNGKTLKGETTTEAVDAATAEKVFKQYANDNGKHAEWTYDDATKTFTATE,0.402054265734
4,MQYKLILNGKTLKGETTTEAVDAATAEKVFKQYANDNGCCGEWTYDDATKTFTNTE,0.0677623004884
4,MQYKLILNGKTLKGETTTEAVDAATAEKVFKQYANDNGCKLEWTYDDATKTFTPTE,0.0429644146461
4,MQYKLILNGKTLKGETTTEAVDAATAEKVFKQYANDNGCCCEWTYDDATKTFTSTE,0.0290088201077
4,MQYKLILNGKTLKGETTTEAVDAATAEKVFKQYANDNGCTGEWTYDDATKTFTPTE,0.0102331820262
4,MQYKLILNGKTLKGETTTEAVDAATAEKVFKQYANDNGCKGEWTYDDATKTFTATE,0.426169496642
4,MQYKLILNGKTLKGETTTEAVDAATAEKVFKQYANDNGTDCEWTYDDATKTFTPTE,0.0256953126385
4,MQYKLILNGKTLKGETTTEAVDAATAEKVFKQYANDNGCCCEWTYDDATKTFTPTE,0.020195614144
4,MQYKLILNGKTLKGETTTEAVDAATAEKVFKQYANDNGCHGEWTYDDATKTFTATE,1.11555562875
4,MQYKLILNGKTLKGETTTEAVDAATAEKVFKQYANDNGTWVEWTYDDATKTFTGTE,0.138971831735
4,MQYKLILNGKTLKGETTTEAVDAATAEKVFKQYANDNGCRLEWTYDDATKTFTATE,0.622916670025
5,MQYKLILNGKTLKGETTTEAVDAATAEKVFKQYANDNGASCEWTYDDATKTFTATE,5.14846734802
5,MQYKLILNGKTLKGETTTEAVDAATAEKVFKQYANDNGWWLEWTYDDATKTFTGTE,6.87794904259
5,MQYKLILNGKTLKGETTTEAVDAATAEKVFKQYANDNGWWYEWTYDDATKTFTGTE,1.91899059975
5,MQYKLILNGKTLKGETTTEAVDAATAEKVFKQYANDNGWRLEWTYDDATKTFTGTE,5.30477775234
5,MQYKLILNGKTLKGETTTEAVDAATAEKVFKQYANDNGWRFEWTYDDATKTFTGTE,5.48522622005
5,MQYKLILNGKTLKGETTTEAVDAATAEKVFKQYANDNGWPFEWTYDDATKTFTGTE,0.172933532678
5,MQYKLILNGKTLKGETTTEAVDAATAEKVFKQYANDNGWWLEWTYDDATKTFTSTE,1.55988123574
5,MQYKLILNGKTLKGETTTEAVDAATAEKVFKQYANDNGWWCEWTYDDATKTFTGTE,4.57923708937
5,MQYKLILNGKTLKGETTTEAVDAATAEKVFKQYANDNGWEFEWTYDDATKTFTGTE,2.45439464133
5,MQYKLILNGKTLKGETTTEAVDAATAEKVFKQYANDNGWWLEWTYDDATKTFTNTE,0.215659639717
5,MQYKLILNGKTLKGETTTEAVDAATAEKVFKQYANDNGWDLEWTYDDATKTFTGTE,3.08751613768
5,MQYKLILNGKTLKGETTTEAVDAATAEKVFKQYANDNGWWREWTYDDATKTFTGTE,0.0199410475791
5,MQYKLILNGKTLKGETTTEAVDAATAEKVFKQYANDNGWWAEWTYDDATKTFTGTE,1.4454699199
5,MQYKLILNGKTLKGETTTEAVDAATAEKVFKQYANDNGWDFEWTYDDATKTFTGTE,2.72347392191
5,MQYKLILNGKTLKGETTTEAVDAATAEKVFKQYANDNGLNCEWTYDDATKTFTATE,5.73818058649
5,MQYKLILNGKTLKGETTTEAVDAATAEKVFKQYANDNGWELEWTYDDATKTFTGTE,2.07354547886
5,MQYKLILNGKTLKGETTTEAVDAATAEKVFKQYANDNGWRYEWTYDDATKTFTGTE,0.94457488194
5,MQYKLILNGKTLKGETTTEAVDAATAEKVFKQYANDNGWWVEWTYDDATKTFTGTE,1.59920988517
5,MQYKLILNGKTLKGETTTEAVDAATAEKVFKQYANDNGWNLEWTYDDATKTFTGTE,4.23395755114
5,MQYKLILNGKTLKGETTTEAVDAATAEKVFKQYANDNGYWYEWTYDDATKTFTGTE,0.994820993018
5,MQYKLILNGKTLKGETTTEAVDAATAEKVFKQYANDNGWYLEWTYDDATKTFTGTE,4.25360059199
5,MQYKLILNGKTLKGETTTEAVDAATAEKVFKQYANDNGWNFEWTYDDATKTFTGTE,4.21917728933
5,MQYKLILNGKTLKGETTTEAVDAATAEKVFKQYANDNGLACEWTYDDATKTFTATE,5.44059153705
5,MQYKLILNGKTLKGETTTEAVDAATAEKVFKQYANDNGRWFEWTYDDATKTFTGTE,0.970010935836
5,MQYKLILNGKTLKGETTTEAVDAATAEKVFKQYANDNGWWLEWTYDDATKTFTTTE,6.68972969433
5,MQYKLILNGKTLKGETTTEAVDAATAEKVFKQYANDNGWYYEWTYDDATKTFTGTE,0.712196082271
5,MQYKLILNGKTLKGETTTEAVDAATAEKVFKQYANDNGWRMEWTYDDATKTFTGTE,3.32822803478
5,MQYKLILNGKTLKGETTTEAVDAATAEKVFKQYANDNGWSLEWTYDDATKTFTGTE,4.63416572266
5,MQYKLILNGKTLKGETTTEAVDAATAEKVFKQYANDNGWWSEWTYDDATKTFTGTE,0.0159819710217
5,MQYKLILNGKTLKGETTTEAVDAATAEKVFKQYANDNGWPLEWTYDDATKTFTGTE,0.660296438054
5,MQYKLILNGKTLKGETTTEAVDAATAEKVFKQYANDNGWWGEWTYDDATKTFTGTE,1.28018885868
5,MQYKLILNGKTLKGETTTEAVDAATAEKVFKQYANDNGYWLEWTYDDATKTFTGTE,5.63126819058
5,MQYKLILNGKTLKGETTTEAVDAATAEKVFKQYANDNGWRLEWTYDDATKTFTSTE,1.47298917873
5,MQYKLILNGKTLKGETTTEAVDAATAEKVFKQYANDNGWWFEWTYDDATKTFTTTE,4.5972626412
5,MQYKLILNGKTLKGETTTEAVDAATAEKVFKQYANDNGIACEWTYDDATKTFTATE,5.17424227596
5,MQYKLILNGKTLKGETTTEAVDAATAEKVFKQYANDNGWQFEWTYDDATKTFTGTE,3.59249717384
5,MQYKLILNGKTLKGETTTEAVDAATAEKVFKQYANDNGWWNEWTYDDATKTFTGTE,0.0260492425647
5,MQYKLILNGKTLKGETTTEAVDAATAEKVFKQYANDNGWSFEWTYDDATKTFTGTE,5.06804342032
5,MQYKLILNGKTLKGETTTEAVDAATAEKVFKQYANDNGWRLEWTYDDATKTFTTTE,5.1440925588
5,MQYKLILNGKTLKGETTTEAVDAATAEKVFKQYANDNGLWYEWTYDDATKTFTGTE,2.64009627517
5,MQYKLILNGKTLKGETTTEAVDAATAEKVFKQYANDNGEWFEWTYDDATKTFTGTE,1.45534390456
5,MQYKLILNGKTLKGETTTEAVDAATAEKVFKQYANDNGAAAEWTYDDATKTFTATE,1.61161000869
5,MQYKLILNGKTLKGETTTEAVDAATAEKVFKQYANDNGWWMEWTYDDATKTFTGTE,4.9163004651
5,MQYKLILNGKTLKGETTTEAVDAATAEKVFKQYANDNGWRLEWTYDDATKTFTNTE,0.120499745634
5,MQYKLILNGKTLKGETTTEAVDAATAEKVFKQYANDNGWQLEWTYDDATKTFTGTE,3.15001194053
5,MQYKLILNGKTLKGETTTEAVDAATAEKVFKQYANDNGWTLEWTYDDATKTFTGTE,2.42786687631
5,MQYKLILNGKTLKGETTTEAVDAATAEKVFKQYANDNGWHREWTYDDATKTFTGTE,0.0310325759249
5,MQYKLILNGKTLKGETTTEAVDAATAEKVFKQYANDNGFWREWTYDDATKTFTGTE,0.0200548781569
5,MQYKLILNGKTLKGETTTEAVDAATAEKVFKQYANDNGWTFEWTYDDATKTFTGTE,3.37118232607
5,MQYKLILNGKTLKGETTTEAVDAATAEKVFKQYANDNGWAFEWTYDDATKTFTGTE,4.87690007344
5,MQYKLILNGKTLKGETTTEAVDAATAEKVFKQYANDNGFACEWTYDDATKTFTATE,4.036182612
5,MQYKLILNGKTLKGETTTEAVDAATAEKVFKQYANDNGWWFEWTYDDATKTFTFTE,0.0305869804713
5,MQYKLILNGKTLKGETTTEAVDAATAEKVFKQYANDNGPPREWTYDDATKTFTGTE,0.0078558917621
5,MQYKLILNGKTLKGETTTEAVDAATAEKVFKQYANDNGWFLEWTYDDATKTFTGTE,3.7324756717
5,MQYKLILNGKTLKGETTTEAVDAATAEKVFKQYANDNGPPREWTYDDATKTFTNTE,0.00235264665074
5,MQYKLILNGKTLKGETTTEAVDAATAEKVFKQYANDNGPPREWTYDDATKTFTSTE,0.00222831979521
5,MQYKLILNGKTLKGETTTEAVDAATAEKVFKQYANDNGWRREWTYDDATKTFTGTE,0.0420329901216
5,MQYKLILNGKTLKGETTTEAVDAATAEKVFKQYANDNGTAAEWTYDDATKTFTATE,1.28340609158
5,MQYKLILNGKTLKGETTTEAVDAATAEKVFKQYANDNGWHLEWTYDDATKTFTNTE,0.0604660497087
5,MQYKLILNGKTLKGETTTEAVDAATAEKVFKQYANDNGRRREWTYDDATKTFTGTE,0.00323265938278
5,MQYKLILNGKTLKGETTTEAVDAATAEKVFKQYANDNGPPREWTYDDATKTFTTTE,0.00226141365356
5,MQYKLILNGKTLKGETTTEAVDAATAEKVFKQYANDNGYWREWTYDDATKTFTGTE,0.00395312502131
5,MQYKLILNGKTLKGETTTEAVDAATAEKVFKQYANDNGWACEWTYDDATKTFTATE,4.58177914419
5,MQYKLILNGKTLKGETTTEAVDAATAEKVFKQYANDNGWLFEWTYDDATKTFTGTE,3.83453896051
5,MQYKLILNGKTLKGETTTEAVDAATAEKVFKQYANDNGPPREWTYDDATKTFTKTE,0.00263541668088
5,MQYKLILNGKTLKGETTTEAVDAATAEKVFKQYANDNGWFFEWTYDDATKTFTGTE,2.9586874953
5,MQYKLILNGKTLKGETTTEAVDAATAEKVFKQYANDNGWHFEWTYDDATKTFTGTE,4.23287714147
5,MQYKLILNGKTLKGETTTEAVDAATAEKVFKQYANDNGLKLEWTYDDATKTFTKTE,0.00280823088946
5,MQYKLILNGKTLKGETTTEAVDAATAEKVFKQYANDNGWALEWTYDDATKTFTGTE,4.45206477558
5,MQYKLILNGKTLKGETTTEAVDAATAEKVFKQYANDNGPPGEWTYDDATKTFTGTE,0.0042166666894
5,MQYKLILNGKTLKGETTTEAVDAATAEKVFKQYANDNGWDYEWTYDDATKTFTGTE,0.3857714652
5,MQYKLILNGKTLKGETTTEAVDAATAEKVFKQYANDNGPRREWTYDDATKTFTGTE,0.00443090841496
5,MQYKLILNGKTLKGETTTEAVDAATAEKVFKQYANDNGPWREWTYDDATKTFTGTE,0.0122358631612
5,MQYKLILNGKTLKGETTTEAVDAATAEKVFKQYANDNGWHLEWTYDDATKTFTTTE,3.80481894804
5,MQYKLILNGKTLKGETTTEAVDAATAEKVFKQYANDNGWHLEWTYDDATKTFTGTE,4.09325119968
5,MQYKLILNGKTLKGETTTEAVDAATAEKVFKQYANDNGPRREWTYDDATKTFTNTE,0.0
5,MQYKLILNGKTLKGETTTEAVDAATAEKVFKQYANDNGWNYEWTYDDATKTFTGTE,0.445022234437
5,MQYKLILNGKTLKGETTTEAVDAATAEKVFKQYANDNGWWKEWTYDDATKTFTGTE,0.00924821068381
5,MQYKLILNGKTLKGETTTEAVDAATAEKVFKQYANDNGRRREWTYDDATKTFTSTE,0.00290100590837
5,MQYKLILNGKTLKGETTTEAVDAATAEKVFKQYANDNGWLLEWTYDDATKTFTGTE,2.82553224934
5,MQYKLILNGKTLKGETTTEAVDAATAEKVFKQYANDNGWKFEWTYDDATKTFTGTE,4.45316835886
5,MQYKLILNGKTLKGETTTEAVDAATAEKVFKQYANDNGWEYEWTYDDATKTFTGTE,0.343032959714
5,MQYKLILNGKTLKGETTTEAVDAATAEKVFKQYANDNGWRCEWTYDDATKTFTATE,5.32111201754
5,MQYKLILNGKTLKGETTTEAVDAATAEKVFKQYANDNGRRREWTYDDATKTFTKTE,0.00275039995666
5,MQYKLILNGKTLKGETTTEAVDAATAEKVFKQYANDNGWCLEWTYDDATKTFTGTE,3.70589519542
5,MQYKLILNGKTLKGETTTEAVDAATAEKVFKQYANDNGKKKEWTYDDATKTFTKTE,0.00403063727663
5,MQYKLILNGKTLKGETTTEAVDAATAEKVFKQYANDNGPRREWTYDDATKTFTSTE,0.00198451328504
5,MQYKLILNGKTLKGETTTEAVDAATAEKVFKQYANDNGWKCEWTYDDATKTFTATE,4.18344272616
5,MQYKLILNGKTLKGETTTEAVDAATAEKVFKQYANDNGPRREWTYDDATKTFTKTE,0.00593988651293
5,MQYKLILNGKTLKGETTTEAVDAATAEKVFKQYANDNGPHREWTYDDATKTFTNTE,0.00438533335698
5,MQYKLILNGKTLKGETTTEAVDAATAEKVFKQYANDNGPPKEWTYDDATKTFTKTE,0.0
5,MQYKLILNGKTLKGETTTEAVDAATAEKVFKQYANDNGPHREWTYDDATKTFTGTE,0.0132620968457
5,MQYKLILNGKTLKGETTTEAVDAATAEKVFKQYANDNGPPREWTYDDATKTFTATE,0.0014630782997
5,MQYKLILNGKTLKGETTTEAVDAATAEKVFKQYANDNGRRREWTYDDATKTFTTTE,0.00293864353214
5,MQYKLILNGKTLKGETTTEAVDAATAEKVFKQYANDNGPWREWTYDDATKTFTNTE,0.00522063494878
5,MQYKLILNGKTLKGETTTEAVDAATAEKVFKQYANDNGPPGEWTYDDATKTFTNTE,0.00334247969282
