model,iter,polymer,exp_value
GraphSAGE,0,"CHEM1{[*]C/C=C/C[*] |$_R1;;;;;_R2$|}|PEPTIDE1{[Mpa].R.[A7]}$CHEM1,PEPTIDE1,1:R1-1:R3|CHEM1,PEPTIDE1,1:R2-3:R3$$$V2.0",-2.034
GraphSAGE,0,"CHEM1{[*]C/C=C/C[*] |$_R1;;;;;_R2$|}|PEPTIDE1{[Mpa].R.[Amcp].[A7]}$CHEM1,PEPTIDE1,1:R1-1:R3|CHEM1,PEPTIDE1,1:R2-4:R3$$$V2.0",-4.727
GraphSAGE,0,"CHEM1{[*]C/C=C/C[*] |$_R1;;;;;_R2$|}|PEPTIDE1{[Mpa].[4CIF].[2Achc].[A2]}$CHEM1,PEPTIDE1,1:R1-1:R3|CHEM1,PEPTIDE1,1:R2-4:R3$$$V2.0",-4.549
GraphSAGE,0,"CHEM1{[*]C/C=C/C[*] |$_R1;;;;;_R2$|}|PEPTIDE1{[Mpa].[4CIF].[4Achc].[A4]}$CHEM1,PEPTIDE1,1:R1-1:R3|CHEM1,PEPTIDE1,1:R2-4:R3$$$V2.0",-5.768
GraphSAGE,0,"CHEM1{[*]C/C=C/C[*] |$_R1;;;;;_R2$|}|PEPTIDE1{[Mpa].[4CIF].[A2]}$CHEM1,PEPTIDE1,1:R1-1:R3|CHEM1,PEPTIDE1,1:R2-3:R3$$$V2.0",-3.881
GraphSAGE,0,"CHEM1{[*]C/C=C/C[*] |$_R1;;;;;_R2$|}|PEPTIDE1{[Mpa].[4CIF].[A6]}$CHEM1,PEPTIDE1,1:R1-1:R3|CHEM1,PEPTIDE1,1:R2-3:R3$$$V2.0",-4.272
GraphSAGE,0,"CHEM1{[*]C/C=C/C[*] |$_R1;;;;;_R2$|}|PEPTIDE1{[Mpa].[4CIF].[Aze].[A2]}$CHEM1,PEPTIDE1,1:R1-1:R3|CHEM1,PEPTIDE1,1:R2-4:R3$$$V2.0",-2.724
GraphSAGE,0,"CHEM1{[*]C/C=C/C[*] |$_R1;;;;;_R2$|}|PEPTIDE1{[Mpa].[4CIF].[Mea]}$CHEM1,PEPTIDE1,1:R1-1:R3|CHEM1,PEPTIDE1,1:R2-3:R3$$$V2.0",-3.099
GraphSAGE,0,"CHEM1{[*]C/C=C/C[*] |$_R1;;;;;_R2$|}|PEPTIDE1{[Mpa].[4CIF].[NMeA].[A3]}$CHEM1,PEPTIDE1,1:R1-1:R3|CHEM1,PEPTIDE1,1:R2-4:R3$$$V2.0",-2.456
GraphSAGE,0,"CHEM1{[*]C/C=C/C[*] |$_R1;;;;;_R2$|}|PEPTIDE1{[Mpa].[Ac3c].R.[A7]}$CHEM1,PEPTIDE1,1:R1-1:R3|CHEM1,PEPTIDE1,1:R2-4:R3$$$V2.0",-2.641
GraphSAGE,0,"CHEM1{[*]C/C=C/C[*] |$_R1;;;;;_R2$|}|PEPTIDE1{[Mpa].[Amcp].[4CIF].[A7]}$CHEM1,PEPTIDE1,1:R1-1:R3|CHEM1,PEPTIDE1,1:R2-4:R3$$$V2.0",7.176
GraphSAGE,0,"CHEM1{[*]C/C=C/C[*] |$_R1;;;;;_R2$|}|PEPTIDE1{[Mpa].[Nip].R.[A2]}$CHEM1,PEPTIDE1,1:R1-1:R3|CHEM1,PEPTIDE1,1:R2-4:R3$$$V2.0",-2.782
GraphSAGE,0,"CHEM1{[*]C/C=C/C[*] |$_R1;;;;;_R2$|}|PEPTIDE1{[Mpa].[Nip].[Thio].[A7]}$CHEM1,PEPTIDE1,1:R1-1:R3|CHEM1,PEPTIDE1,1:R2-4:R3$$$V2.0",14.798
GraphSAGE,0,"CHEM1{[*]C/C=C/C[*] |$_R1;;;;;_R2$|}|PEPTIDE1{[Mpa].[Thio].[4Amb].[A4]}$CHEM1,PEPTIDE1,1:R1-1:R3|CHEM1,PEPTIDE1,1:R2-4:R3$$$V2.0",-3.766
GraphSAGE,0,"CHEM1{[*]C/C=C/C[*] |$_R1;;;;;_R2$|}|PEPTIDE1{[Mpa].[Thio].[A2]}$CHEM1,PEPTIDE1,1:R1-1:R3|CHEM1,PEPTIDE1,1:R2-3:R3$$$V2.0",0.1
GraphSAGE,0,"CHEM1{[*]C/C=C/C[*] |$_R1;;;;;_R2$|}|PEPTIDE1{[Mpa].[Thio].[A3]}$CHEM1,PEPTIDE1,1:R1-1:R3|CHEM1,PEPTIDE1,1:R2-3:R3$$$V2.0",-2.358
GraphSAGE,0,"CHEM1{[*]C/C=C/C[*] |$_R1;;;;;_R2$|}|PEPTIDE1{[Mpa].[Thio].[A4]}$CHEM1,PEPTIDE1,1:R1-1:R3|CHEM1,PEPTIDE1,1:R2-3:R3$$$V2.0",5.562
GraphSAGE,0,"CHEM1{[*]C/C=C/C[*] |$_R1;;;;;_R2$|}|PEPTIDE1{[Mpa].[Thio].[A5]}$CHEM1,PEPTIDE1,1:R1-1:R3|CHEM1,PEPTIDE1,1:R2-3:R3$$$V2.0",-1.89
GraphSAGE,0,"CHEM1{[*]C/C=C/C[*] |$_R1;;;;;_R2$|}|PEPTIDE1{[Mpa].[Thio].[A7]}$CHEM1,PEPTIDE1,1:R1-1:R3|CHEM1,PEPTIDE1,1:R2-3:R3$$$V2.0",-1.93
GraphSAGE,0,"CHEM1{[*]C/C=C/C[*] |$_R1;;;;;_R2$|}|PEPTIDE1{[Mpa].[Thio].[Isn].[A2]}$CHEM1,PEPTIDE1,1:R1-1:R3|CHEM1,PEPTIDE1,1:R2-4:R3$$$V2.0",13.846
GraphSAGE,0,"CHEM1{[*]C/C=C/C[*] |$_R1;;;;;_R2$|}|PEPTIDE1{[Mpa].[Thio].[Mea]}$CHEM1,PEPTIDE1,1:R1-1:R3|CHEM1,PEPTIDE1,1:R2-3:R3$$$V2.0",4.569
GraphSAGE,0,"CHEM1{[*]C/C=C/C[*] |$_R1;;;;;_R2$|}|PEPTIDE1{[Mpa].[Thio].[cAcha].[A7]}$CHEM1,PEPTIDE1,1:R1-1:R3|CHEM1,PEPTIDE1,1:R2-4:R3$$$V2.0",0.179
GraphSAGE,0,"CHEM1{[*]C/C=C/C[*] |$_R1;;;;;_R2$|}|PEPTIDE1{[Mpa].[Trx].R.[A6]}$CHEM1,PEPTIDE1,1:R1-1:R3|CHEM1,PEPTIDE1,1:R2-4:R3$$$V2.0",-4.106
GraphSAGE,0,"CHEM1{[*]C/C=C/C[*] |$_R1;;;;;_R2$|}|PEPTIDE1{[Mpa].[Trx].[Thio].[A6]}$CHEM1,PEPTIDE1,1:R1-1:R3|CHEM1,PEPTIDE1,1:R2-4:R3$$$V2.0",-0.741
GraphSAGE,0,"CHEM1{[*]C/C=C/C[*] |$_R1;;;;;_R2$|}|PEPTIDE1{[Mpa].[bAla].[4CIF].[A7]}$CHEM1,PEPTIDE1,1:R1-1:R3|CHEM1,PEPTIDE1,1:R2-4:R3$$$V2.0",-1.052
GraphSAGE,0,"CHEM1{[*]C/C=C/C[*] |$_R1;;;;;_R2$|}|PEPTIDE1{[Mpa].[tAcha].R.[A2]}$CHEM1,PEPTIDE1,1:R1-1:R3|CHEM1,PEPTIDE1,1:R2-4:R3$$$V2.0",-1.283
GraphSAGE,0,"CHEM1{[*]CC(=O)C[*] |$_R1;;;;;_R2$|}|PEPTIDE1{[Mpa].R.[A5]}$CHEM1,PEPTIDE1,1:R1-1:R3|CHEM1,PEPTIDE1,1:R2-3:R3$$$V2.0",-2.88
GraphSAGE,0,"CHEM1{[*]CC(=O)C[*] |$_R1;;;;;_R2$|}|PEPTIDE1{[Mpa].R.[Nip].[A5]}$CHEM1,PEPTIDE1,1:R1-1:R3|CHEM1,PEPTIDE1,1:R2-4:R3$$$V2.0",-0.344
GraphSAGE,0,"CHEM1{[*]CC(=O)C[*] |$_R1;;;;;_R2$|}|PEPTIDE1{[Mpa].R.[gAla].[A3]}$CHEM1,PEPTIDE1,1:R1-1:R3|CHEM1,PEPTIDE1,1:R2-4:R3$$$V2.0",-1.904
GraphSAGE,0,"CHEM1{[*]CC(=O)C[*] |$_R1;;;;;_R2$|}|PEPTIDE1{[Mpa].[4Amb].[4CIF].[A3]}$CHEM1,PEPTIDE1,1:R1-1:R3|CHEM1,PEPTIDE1,1:R2-4:R3$$$V2.0",-1.499
GraphSAGE,0,"CHEM1{[*]CC(=O)C[*] |$_R1;;;;;_R2$|}|PEPTIDE1{[Mpa].[Thio].[A3]}$CHEM1,PEPTIDE1,1:R1-1:R3|CHEM1,PEPTIDE1,1:R2-3:R3$$$V2.0",-2.53
GraphSAGE,0,"CHEM1{[*]CC(=O)C[*] |$_R1;;;;;_R2$|}|PEPTIDE1{[Mpa].[Thio].[A5]}$CHEM1,PEPTIDE1,1:R1-1:R3|CHEM1,PEPTIDE1,1:R2-3:R3$$$V2.0",7.968
GraphSAGE,0,"CHEM1{[*]CC(=O)C[*] |$_R1;;;;;_R2$|}|PEPTIDE1{[Mpa].[Thio].[A7]}$CHEM1,PEPTIDE1,1:R1-1:R3|CHEM1,PEPTIDE1,1:R2-3:R3$$$V2.0",5.819
GraphSAGE,0,"CHEM1{[*]CC(=O)C[*] |$_R1;;;;;_R2$|}|PEPTIDE1{[Mpa].[dP].[4CIF].[Mea]}$CHEM1,PEPTIDE1,1:R1-1:R3|CHEM1,PEPTIDE1,1:R2-4:R3$$$V2.0",10.255
GraphSAGE,0,"CHEM1{[*]CC(=O)C[*] |$_R1;;;;;_R2$|}|PEPTIDE1{[Mpa].[dPip].[4CIF].[A4]}$CHEM1,PEPTIDE1,1:R1-1:R3|CHEM1,PEPTIDE1,1:R2-4:R3$$$V2.0",21.05
GraphSAGE,0,"CHEM1{[*]CC1=COC=C1(C[*]) |$_R1;;;;;;;;_R2;$|}|PEPTIDE1{[Mpa].R.[4Amb].[A6]}$CHEM1,PEPTIDE1,1:R1-1:R3|CHEM1,PEPTIDE1,1:R2-4:R3$$$V2.0",5.208
GraphSAGE,0,"CHEM1{[*]CC1=COC=C1(C[*]) |$_R1;;;;;;;;_R2;$|}|PEPTIDE1{[Mpa].R.[A2]}$CHEM1,PEPTIDE1,1:R1-1:R3|CHEM1,PEPTIDE1,1:R2-3:R3$$$V2.0",-0.701
GraphSAGE,0,"CHEM1{[*]CC1=COC=C1(C[*]) |$_R1;;;;;;;;_R2;$|}|PEPTIDE1{[Mpa].R.[A7]}$CHEM1,PEPTIDE1,1:R1-1:R3|CHEM1,PEPTIDE1,1:R2-3:R3$$$V2.0",-2.529
GraphSAGE,0,"CHEM1{[*]CC1=COC=C1(C[*]) |$_R1;;;;;;;;_R2;$|}|PEPTIDE1{[Mpa].R.[Acpc].[A4]}$CHEM1,PEPTIDE1,1:R1-1:R3|CHEM1,PEPTIDE1,1:R2-4:R3$$$V2.0",-3.196
GraphSAGE,0,"CHEM1{[*]CC1=COC=C1(C[*]) |$_R1;;;;;;;;_R2;$|}|PEPTIDE1{[Mpa].R.[Mea]}$CHEM1,PEPTIDE1,1:R1-1:R3|CHEM1,PEPTIDE1,1:R2-3:R3$$$V2.0",0.125
GraphSAGE,0,"CHEM1{[*]CC1=COC=C1(C[*]) |$_R1;;;;;;;;_R2;$|}|PEPTIDE1{[Mpa].[4CIF].[2Achc].[A6]}$CHEM1,PEPTIDE1,1:R1-1:R3|CHEM1,PEPTIDE1,1:R2-4:R3$$$V2.0",-5.288
GraphSAGE,0,"CHEM1{[*]CC1=COC=C1(C[*]) |$_R1;;;;;;;;_R2;$|}|PEPTIDE1{[Mpa].[4CIF].[NMeA].[A3]}$CHEM1,PEPTIDE1,1:R1-1:R3|CHEM1,PEPTIDE1,1:R2-4:R3$$$V2.0",8.035
GraphSAGE,0,"CHEM1{[*]CC1=COC=C1(C[*]) |$_R1;;;;;;;;_R2;$|}|PEPTIDE1{[Mpa].[4CIF].[dNip].[A3]}$CHEM1,PEPTIDE1,1:R1-1:R3|CHEM1,PEPTIDE1,1:R2-4:R3$$$V2.0",-4.378
GraphSAGE,0,"CHEM1{[*]CC1=COC=C1(C[*]) |$_R1;;;;;;;;_R2;$|}|PEPTIDE1{[Mpa].[Ac6c].R.[A4]}$CHEM1,PEPTIDE1,1:R1-1:R3|CHEM1,PEPTIDE1,1:R2-4:R3$$$V2.0",-0.673
GraphSAGE,0,"CHEM1{[*]CC1=COC=C1(C[*]) |$_R1;;;;;;;;_R2;$|}|PEPTIDE1{[Mpa].[Aze].R.[A5]}$CHEM1,PEPTIDE1,1:R1-1:R3|CHEM1,PEPTIDE1,1:R2-4:R3$$$V2.0",3.3
GraphSAGE,0,"CHEM1{[*]CC1=COC=C1(C[*]) |$_R1;;;;;;;;_R2;$|}|PEPTIDE1{[Mpa].[Thio].[A2]}$CHEM1,PEPTIDE1,1:R1-1:R3|CHEM1,PEPTIDE1,1:R2-3:R3$$$V2.0",0.619
GraphSAGE,0,"CHEM1{[*]CC1=COC=C1(C[*]) |$_R1;;;;;;;;_R2;$|}|PEPTIDE1{[Mpa].[Thio].[A6]}$CHEM1,PEPTIDE1,1:R1-1:R3|CHEM1,PEPTIDE1,1:R2-3:R3$$$V2.0",-1.738
GraphSAGE,0,"CHEM1{[*]CC1=COC=C1(C[*]) |$_R1;;;;;;;;_R2;$|}|PEPTIDE1{[Mpa].[cAcha].R.[A4]}$CHEM1,PEPTIDE1,1:R1-1:R3|CHEM1,PEPTIDE1,1:R2-4:R3$$$V2.0",8.767
GraphSAGE,0,"CHEM1{[*]CS(=O)(=O)C[*] |$_R1;;;;;;_R2$|}|PEPTIDE1{[Mpa].R.[4Achc].[A6]}$CHEM1,PEPTIDE1,1:R1-1:R3|CHEM1,PEPTIDE1,1:R2-4:R3$$$V2.0",3.061
GraphSAGE,0,"CHEM1{[*]CS(=O)(=O)C[*] |$_R1;;;;;;_R2$|}|PEPTIDE1{[Mpa].R.[A4]}$CHEM1,PEPTIDE1,1:R1-1:R3|CHEM1,PEPTIDE1,1:R2-3:R3$$$V2.0",5.909
GraphSAGE,0,"CHEM1{[*]CS(=O)(=O)C[*] |$_R1;;;;;;_R2$|}|PEPTIDE1{[Mpa].R.[dP].[Mea]}$CHEM1,PEPTIDE1,1:R1-1:R3|CHEM1,PEPTIDE1,1:R2-4:R3$$$V2.0",-2.137
GraphSAGE,0,"CHEM1{[*]CS(=O)(=O)C[*] |$_R1;;;;;;_R2$|}|PEPTIDE1{[Mpa].[4CIF].[A7]}$CHEM1,PEPTIDE1,1:R1-1:R3|CHEM1,PEPTIDE1,1:R2-3:R3$$$V2.0",3.751
GraphSAGE,0,"CHEM1{[*]CS(=O)(=O)C[*] |$_R1;;;;;;_R2$|}|PEPTIDE1{[Mpa].[APipAc].[4CIF].[A5]}$CHEM1,PEPTIDE1,1:R1-1:R3|CHEM1,PEPTIDE1,1:R2-4:R3$$$V2.0",-3.12
GraphSAGE,0,"CHEM1{[*]CS(=O)(=O)C[*] |$_R1;;;;;;_R2$|}|PEPTIDE1{[Mpa].[Ac3c].R.[A6]}$CHEM1,PEPTIDE1,1:R1-1:R3|CHEM1,PEPTIDE1,1:R2-4:R3$$$V2.0",-0.425
GraphSAGE,0,"CHEM1{[*]CS(=O)(=O)C[*] |$_R1;;;;;;_R2$|}|PEPTIDE1{[Mpa].[Thio].[A4]}$CHEM1,PEPTIDE1,1:R1-1:R3|CHEM1,PEPTIDE1,1:R2-3:R3$$$V2.0",1.144
GraphSAGE,0,"CHEM1{[*]CS(=O)(=O)C[*] |$_R1;;;;;;_R2$|}|PEPTIDE1{[Mpa].[Thio].[A5]}$CHEM1,PEPTIDE1,1:R1-1:R3|CHEM1,PEPTIDE1,1:R2-3:R3$$$V2.0",-2.765
GraphSAGE,0,"CHEM1{[*]CS(=O)(=O)C[*] |$_R1;;;;;;_R2$|}|PEPTIDE1{[Mpa].[Thio].[A7]}$CHEM1,PEPTIDE1,1:R1-1:R3|CHEM1,PEPTIDE1,1:R2-3:R3$$$V2.0",3.147
GraphSAGE,0,"CHEM1{[*]CS(=O)(=O)C[*] |$_R1;;;;;;_R2$|}|PEPTIDE1{[Mpa].[Thio].[Trx].[A4]}$CHEM1,PEPTIDE1,1:R1-1:R3|CHEM1,PEPTIDE1,1:R2-4:R3$$$V2.0",-2.398
GraphSAGE,0,"CHEM1{[*]CS(=O)(=O)C[*] |$_R1;;;;;;_R2$|}|PEPTIDE1{[Mpa].[Trx].[4CIF].[A3]}$CHEM1,PEPTIDE1,1:R1-1:R3|CHEM1,PEPTIDE1,1:R2-4:R3$$$V2.0",-0.469
GraphSAGE,0,"CHEM1{[*]CS(=O)(=O)C[*] |$_R1;;;;;;_R2$|}|PEPTIDE1{[Mpa].[bAla].[4CIF].[A7]}$CHEM1,PEPTIDE1,1:R1-1:R3|CHEM1,PEPTIDE1,1:R2-4:R3$$$V2.0",-3.072
GraphSAGE,0,"CHEM1{[*]CS(=O)(=O)C[*] |$_R1;;;;;;_R2$|}|PEPTIDE1{[Mpa].[dNip].[Thio].[A4]}$CHEM1,PEPTIDE1,1:R1-1:R3|CHEM1,PEPTIDE1,1:R2-4:R3$$$V2.0",15.859
GraphSAGE,0,"CHEM1{[*]Cc1ccc(C[*])cc1 |$_R1;;;;;;;_R2;;$|}|PEPTIDE1{[Mpa].R.[A4]}$CHEM1,PEPTIDE1,1:R1-1:R3|CHEM1,PEPTIDE1,1:R2-3:R3$$$V2.0",-3.95
GraphSAGE,0,"CHEM1{[*]Cc1ccc(C[*])cc1 |$_R1;;;;;;;_R2;;$|}|PEPTIDE1{[Mpa].R.[A7]}$CHEM1,PEPTIDE1,1:R1-1:R3|CHEM1,PEPTIDE1,1:R2-3:R3$$$V2.0",-2.203
GraphSAGE,0,"CHEM1{[*]Cc1ccc(C[*])cc1 |$_R1;;;;;;;_R2;;$|}|PEPTIDE1{[Mpa].R.[Amcp].[A3]}$CHEM1,PEPTIDE1,1:R1-1:R3|CHEM1,PEPTIDE1,1:R2-4:R3$$$V2.0",-2.96
GraphSAGE,0,"CHEM1{[*]Cc1ccc(C[*])cc1 |$_R1;;;;;;;_R2;;$|}|PEPTIDE1{[Mpa].R.[NMeA].[A2]}$CHEM1,PEPTIDE1,1:R1-1:R3|CHEM1,PEPTIDE1,1:R2-4:R3$$$V2.0",0.35
GraphSAGE,0,"CHEM1{[*]Cc1ccc(C[*])cc1 |$_R1;;;;;;;_R2;;$|}|PEPTIDE1{[Mpa].[2Achc].[Thio].[A5]}$CHEM1,PEPTIDE1,1:R1-1:R3|CHEM1,PEPTIDE1,1:R2-4:R3$$$V2.0",-4.658
GraphSAGE,0,"CHEM1{[*]Cc1ccc(C[*])cc1 |$_R1;;;;;;;_R2;;$|}|PEPTIDE1{[Mpa].[4CIF].[A3]}$CHEM1,PEPTIDE1,1:R1-1:R3|CHEM1,PEPTIDE1,1:R2-3:R3$$$V2.0",-4.819
GraphSAGE,0,"CHEM1{[*]Cc1ccc(C[*])cc1 |$_R1;;;;;;;_R2;;$|}|PEPTIDE1{[Mpa].[4CIF].[A7]}$CHEM1,PEPTIDE1,1:R1-1:R3|CHEM1,PEPTIDE1,1:R2-3:R3$$$V2.0",-5.98
GraphSAGE,0,"CHEM1{[*]Cc1ccc(C[*])cc1 |$_R1;;;;;;;_R2;;$|}|PEPTIDE1{[Mpa].[Ac3c].[4CIF].[A4]}$CHEM1,PEPTIDE1,1:R1-1:R3|CHEM1,PEPTIDE1,1:R2-4:R3$$$V2.0",-2.27
GraphSAGE,0,"CHEM1{[*]Cc1ccc(C[*])cc1 |$_R1;;;;;;;_R2;;$|}|PEPTIDE1{[Mpa].[Ac6c].[Thio].[A2]}$CHEM1,PEPTIDE1,1:R1-1:R3|CHEM1,PEPTIDE1,1:R2-4:R3$$$V2.0",-0.561
GraphSAGE,0,"CHEM1{[*]Cc1ccc(C[*])cc1 |$_R1;;;;;;;_R2;;$|}|PEPTIDE1{[Mpa].[Isn].[Thio].[A5]}$CHEM1,PEPTIDE1,1:R1-1:R3|CHEM1,PEPTIDE1,1:R2-4:R3$$$V2.0",50.983
GraphSAGE,0,"CHEM1{[*]Cc1ccc(C[*])cc1 |$_R1;;;;;;;_R2;;$|}|PEPTIDE1{[Mpa].[Thio].[2Amb].[A6]}$CHEM1,PEPTIDE1,1:R1-1:R3|CHEM1,PEPTIDE1,1:R2-4:R3$$$V2.0",-3.557
GraphSAGE,0,"CHEM1{[*]Cc1ccc(C[*])cc1 |$_R1;;;;;;;_R2;;$|}|PEPTIDE1{[Mpa].[Thio].[4Achc].[A3]}$CHEM1,PEPTIDE1,1:R1-1:R3|CHEM1,PEPTIDE1,1:R2-4:R3$$$V2.0",-2.305
GraphSAGE,0,"CHEM1{[*]Cc1cccc(C[*])n1 |$_R1;;;;;;;;_R2;$|}|PEPTIDE1{[Mpa].G.R.[Mea]}$CHEM1,PEPTIDE1,1:R1-1:R3|CHEM1,PEPTIDE1,1:R2-4:R3$$$V2.0",-1.89
GraphSAGE,0,"CHEM1{[*]Cc1cccc(C[*])n1 |$_R1;;;;;;;;_R2;$|}|PEPTIDE1{[Mpa].R.[A4]}$CHEM1,PEPTIDE1,1:R1-1:R3|CHEM1,PEPTIDE1,1:R2-3:R3$$$V2.0",-1.771
GraphSAGE,0,"CHEM1{[*]Cc1cccc(C[*])n1 |$_R1;;;;;;;;_R2;$|}|PEPTIDE1{[Mpa].R.[A6]}$CHEM1,PEPTIDE1,1:R1-1:R3|CHEM1,PEPTIDE1,1:R2-3:R3$$$V2.0",3.208
GraphSAGE,0,"CHEM1{[*]Cc1cccc(C[*])n1 |$_R1;;;;;;;;_R2;$|}|PEPTIDE1{[Mpa].R.[Amcp].[A2]}$CHEM1,PEPTIDE1,1:R1-1:R3|CHEM1,PEPTIDE1,1:R2-4:R3$$$V2.0",-3.796
GraphSAGE,0,"CHEM1{[*]Cc1cccc(C[*])n1 |$_R1;;;;;;;;_R2;$|}|PEPTIDE1{[Mpa].R.[dP].[Mea]}$CHEM1,PEPTIDE1,1:R1-1:R3|CHEM1,PEPTIDE1,1:R2-4:R3$$$V2.0",-2.708
GraphSAGE,0,"CHEM1{[*]Cc1cccc(C[*])n1 |$_R1;;;;;;;;_R2;$|}|PEPTIDE1{[Mpa].[4CIF].G.[Mea]}$CHEM1,PEPTIDE1,1:R1-1:R3|CHEM1,PEPTIDE1,1:R2-4:R3$$$V2.0",-4.86
GraphSAGE,0,"CHEM1{[*]Cc1cccc(C[*])n1 |$_R1;;;;;;;;_R2;$|}|PEPTIDE1{[Mpa].[4CIF].[Ac3c].[Mea]}$CHEM1,PEPTIDE1,1:R1-1:R3|CHEM1,PEPTIDE1,1:R2-4:R3$$$V2.0",-2.398
GraphSAGE,0,"CHEM1{[*]Cc1cccc(C[*])n1 |$_R1;;;;;;;;_R2;$|}|PEPTIDE1{[Mpa].[APipAc].[4CIF].[A3]}$CHEM1,PEPTIDE1,1:R1-1:R3|CHEM1,PEPTIDE1,1:R2-4:R3$$$V2.0",-4.151
GraphSAGE,0,"CHEM1{[*]Cc1cccc(C[*])n1 |$_R1;;;;;;;;_R2;$|}|PEPTIDE1{[Mpa].[Ac3c].[4CIF].[A5]}$CHEM1,PEPTIDE1,1:R1-1:R3|CHEM1,PEPTIDE1,1:R2-4:R3$$$V2.0",-3.573
GraphSAGE,0,"CHEM1{[*]Cc1cccc(C[*])n1 |$_R1;;;;;;;;_R2;$|}|PEPTIDE1{[Mpa].[Acpc].[Thio].[A4]}$CHEM1,PEPTIDE1,1:R1-1:R3|CHEM1,PEPTIDE1,1:R2-4:R3$$$V2.0",-3.568
GraphSAGE,0,"CHEM1{[*]Cc1cccc(C[*])n1 |$_R1;;;;;;;;_R2;$|}|PEPTIDE1{[Mpa].[Thio].[A4]}$CHEM1,PEPTIDE1,1:R1-1:R3|CHEM1,PEPTIDE1,1:R2-3:R3$$$V2.0",0.703
GraphSAGE,0,"CHEM1{[*]Cc1cccc(C[*])n1 |$_R1;;;;;;;;_R2;$|}|PEPTIDE1{[Mpa].[Thio].[A6]}$CHEM1,PEPTIDE1,1:R1-1:R3|CHEM1,PEPTIDE1,1:R2-3:R3$$$V2.0",-3.936
GraphSAGE,0,"CHEM1{[*]Cc1cccc(C[*])n1 |$_R1;;;;;;;;_R2;$|}|PEPTIDE1{[Mpa].[Thio].[Mea]}$CHEM1,PEPTIDE1,1:R1-1:R3|CHEM1,PEPTIDE1,1:R2-3:R3$$$V2.0",0.84
GraphSAGE,0,"CHEM1{[*]Cc1nc2ccccc2nc1(C[*]) |$_R1;;;;;;;;;;;;;_R2;$|}|PEPTIDE1{[Mpa].R.[A5]}$CHEM1,PEPTIDE1,1:R1-1:R3|CHEM1,PEPTIDE1,1:R2-3:R3$$$V2.0",20.132
GraphSAGE,0,"CHEM1{[*]Cc1nc2ccccc2nc1(C[*]) |$_R1;;;;;;;;;;;;;_R2;$|}|PEPTIDE1{[Mpa].R.[Ac3c].[A7]}$CHEM1,PEPTIDE1,1:R1-1:R3|CHEM1,PEPTIDE1,1:R2-4:R3$$$V2.0",-1.16
GraphSAGE,0,"CHEM1{[*]Cc1nc2ccccc2nc1(C[*]) |$_R1;;;;;;;;;;;;;_R2;$|}|PEPTIDE1{[Mpa].R.[bAla].[A2]}$CHEM1,PEPTIDE1,1:R1-1:R3|CHEM1,PEPTIDE1,1:R2-4:R3$$$V2.0",-3.982
GraphSAGE,0,"CHEM1{[*]Cc1nc2ccccc2nc1(C[*]) |$_R1;;;;;;;;;;;;;_R2;$|}|PEPTIDE1{[Mpa].[4CIF].[A3]}$CHEM1,PEPTIDE1,1:R1-1:R3|CHEM1,PEPTIDE1,1:R2-3:R3$$$V2.0",-2.997
GraphSAGE,0,"CHEM1{[*]Cc1nc2ccccc2nc1(C[*]) |$_R1;;;;;;;;;;;;;_R2;$|}|PEPTIDE1{[Mpa].[4CIF].[A5]}$CHEM1,PEPTIDE1,1:R1-1:R3|CHEM1,PEPTIDE1,1:R2-3:R3$$$V2.0",-1.702
GraphSAGE,0,"CHEM1{[*]Cc1nc2ccccc2nc1(C[*]) |$_R1;;;;;;;;;;;;;_R2;$|}|PEPTIDE1{[Mpa].[4CIF].[Ac3c].[A7]}$CHEM1,PEPTIDE1,1:R1-1:R3|CHEM1,PEPTIDE1,1:R2-4:R3$$$V2.0",-1.863
GraphSAGE,0,"CHEM1{[*]Cc1nc2ccccc2nc1(C[*]) |$_R1;;;;;;;;;;;;;_R2;$|}|PEPTIDE1{[Mpa].[Amcp].[Thio].[A5]}$CHEM1,PEPTIDE1,1:R1-1:R3|CHEM1,PEPTIDE1,1:R2-4:R3$$$V2.0",0.496
GraphSAGE,0,"CHEM1{[*]Cc1nc2ccccc2nc1(C[*]) |$_R1;;;;;;;;;;;;;_R2;$|}|PEPTIDE1{[Mpa].[Thio].[bhPro].[A3]}$CHEM1,PEPTIDE1,1:R1-1:R3|CHEM1,PEPTIDE1,1:R2-4:R3$$$V2.0",-3.638
GraphSAGE,0,"CHEM1{[*]Cc1nc2ccccc2nc1(C[*]) |$_R1;;;;;;;;;;;;;_R2;$|}|PEPTIDE1{[Mpa].[Thio].[gAla].[A7]}$CHEM1,PEPTIDE1,1:R1-1:R3|CHEM1,PEPTIDE1,1:R2-4:R3$$$V2.0",10.78
GraphSAGE,0,"CHEM1{[*]Cc1nc2ccccc2nc1(C[*]) |$_R1;;;;;;;;;;;;;_R2;$|}|PEPTIDE1{[Mpa].[Thio].[tAcha].[A6]}$CHEM1,PEPTIDE1,1:R1-1:R3|CHEM1,PEPTIDE1,1:R2-4:R3$$$V2.0",10.695
GraphSAGE,1,"CHEM1{[[*]Cc1cccc(C[*])n1 |$_R1;;;;;;;;_R2;$|]}|PEPTIDE1{[Mpa].[4CIF].[2Achc].[A3]}$CHEM1,PEPTIDE1,1:R1-1:R3|CHEM1,PEPTIDE1,1:R2-4:R3$$$V2.0",0.46
GraphSAGE,1,"CHEM1{[[*]Cc1cccc(C[*])n1 |$_R1;;;;;;;;_R2;$|]}|PEPTIDE1{[Mpa].[4CIF].[Acpc].[A3]}$CHEM1,PEPTIDE1,1:R1-1:R3|CHEM1,PEPTIDE1,1:R2-4:R3$$$V2.0",-1.62
GraphSAGE,1,"CHEM1{[[*]Cc1cccc(C[*])n1 |$_R1;;;;;;;;_R2;$|]}|PEPTIDE1{[Mpa].[4CIF].[bAla].[A2]}$CHEM1,PEPTIDE1,1:R1-1:R3|CHEM1,PEPTIDE1,1:R2-4:R3$$$V2.0",0.539
GraphSAGE,1,"CHEM1{[[*]Cc1cccc(C[*])n1 |$_R1;;;;;;;;_R2;$|]}|PEPTIDE1{[Mpa].[4CIF].[bAla].[A3]}$CHEM1,PEPTIDE1,1:R1-1:R3|CHEM1,PEPTIDE1,1:R2-4:R3$$$V2.0",-3.263
GraphSAGE,1,"CHEM1{[[*]Cc1cccc(C[*])n1 |$_R1;;;;;;;;_R2;$|]}|PEPTIDE1{[Mpa].[4CIF].[bhPro].[A3]}$CHEM1,PEPTIDE1,1:R1-1:R3|CHEM1,PEPTIDE1,1:R2-4:R3$$$V2.0",-0.482
GraphSAGE,1,"CHEM1{[[*]Cc1cccc(C[*])n1 |$_R1;;;;;;;;_R2;$|]}|PEPTIDE1{[Mpa].[4CIF].[Acpc].[A2]}$CHEM1,PEPTIDE1,1:R1-1:R3|CHEM1,PEPTIDE1,1:R2-4:R3$$$V2.0",-4.796
GraphSAGE,1,"CHEM1{[[*]Cc1cccc(C[*])n1 |$_R1;;;;;;;;_R2;$|]}|PEPTIDE1{[Mpa].[4CIF].[2Achc].[A2]}$CHEM1,PEPTIDE1,1:R1-1:R3|CHEM1,PEPTIDE1,1:R2-4:R3$$$V2.0",-4.909
GraphSAGE,1,"CHEM1{[[*]Cc1cccc(C[*])n1 |$_R1;;;;;;;;_R2;$|]}|PEPTIDE1{[Mpa].[Ac6c].[2Achc].[A3]}$CHEM1,PEPTIDE1,1:R1-1:R3|CHEM1,PEPTIDE1,1:R2-4:R3$$$V2.0",2.406
GraphSAGE,1,"CHEM1{[[*]Cc1cccc(C[*])n1 |$_R1;;;;;;;;_R2;$|]}|PEPTIDE1{[Mpa].[Ac3c].[2Achc].[A3]}$CHEM1,PEPTIDE1,1:R1-1:R3|CHEM1,PEPTIDE1,1:R2-4:R3$$$V2.0",-2.271
GraphSAGE,1,"CHEM1{[[*]Cc1cccc(C[*])n1 |$_R1;;;;;;;;_R2;$|]}|PEPTIDE1{[Mpa].[4CIF].[bhPro].[A2]}$CHEM1,PEPTIDE1,1:R1-1:R3|CHEM1,PEPTIDE1,1:R2-4:R3$$$V2.0",-5.631
GraphSAGE,1,"CHEM1{[[*]Cc1cccc(C[*])n1 |$_R1;;;;;;;;_R2;$|]}|PEPTIDE1{[Mpa].[Acpc].[Ac6c].[A3]}$CHEM1,PEPTIDE1,1:R1-1:R3|CHEM1,PEPTIDE1,1:R2-4:R3$$$V2.0",-0.886
GraphSAGE,1,"CHEM1{[[*]Cc1ccc(C[*])cc1 |$_R1;;;;;;;_R2;;$|]}|PEPTIDE1{[Mpa].[4CIF].[Acpc].[A2]}$CHEM1,PEPTIDE1,1:R1-1:R3|CHEM1,PEPTIDE1,1:R2-4:R3$$$V2.0",-6.443
GraphSAGE,1,"CHEM1{[[*]Cc1cccc(C[*])n1 |$_R1;;;;;;;;_R2;$|]}|PEPTIDE1{[Mpa].[2Achc].[Ac6c].[A3]}$CHEM1,PEPTIDE1,1:R1-1:R3|CHEM1,PEPTIDE1,1:R2-4:R3$$$V2.0",4.696
GraphSAGE,1,"CHEM1{[[*]Cc1cccc(C[*])n1 |$_R1;;;;;;;;_R2;$|]}|PEPTIDE1{[Mpa].[Acpc].[Ac6c].[A2]}$CHEM1,PEPTIDE1,1:R1-1:R3|CHEM1,PEPTIDE1,1:R2-4:R3$$$V2.0",-1.043
GraphSAGE,1,"CHEM1{[[*]Cc1cccc(C[*])n1 |$_R1;;;;;;;;_R2;$|]}|PEPTIDE1{[Mpa].[2Achc].[Ac6c].[A2]}$CHEM1,PEPTIDE1,1:R1-1:R3|CHEM1,PEPTIDE1,1:R2-4:R3$$$V2.0",-3.63
GraphSAGE,1,"CHEM1{[[*]Cc1cccc(C[*])n1 |$_R1;;;;;;;;_R2;$|]}|PEPTIDE1{[Mpa].[Acpc].[Ac3c].[A2]}$CHEM1,PEPTIDE1,1:R1-1:R3|CHEM1,PEPTIDE1,1:R2-4:R3$$$V2.0",-2.37
GraphSAGE,1,"CHEM1{[[*]Cc1cccc(C[*])n1 |$_R1;;;;;;;;_R2;$|]}|PEPTIDE1{[Mpa].[2Achc].[Ac3c].[A2]}$CHEM1,PEPTIDE1,1:R1-1:R3|CHEM1,PEPTIDE1,1:R2-4:R3$$$V2.0",-1.869
GraphSAGE,1,"CHEM1{[[*]Cc1cccc(C[*])n1 |$_R1;;;;;;;;_R2;$|]}|PEPTIDE1{[Mpa].[2Achc].[4CIF].[A3]}$CHEM1,PEPTIDE1,1:R1-1:R3|CHEM1,PEPTIDE1,1:R2-4:R3$$$V2.0",-1.521
GraphSAGE,1,"CHEM1{[[*]Cc1ccc(C[*])cc1 |$_R1;;;;;;;_R2;;$|]}|PEPTIDE1{[Mpa].[4CIF].[2Achc].[A2]}$CHEM1,PEPTIDE1,1:R1-1:R3|CHEM1,PEPTIDE1,1:R2-4:R3$$$V2.0",-6.153
GraphSAGE,1,"CHEM1{[[*]Cc1cccc(C[*])n1 |$_R1;;;;;;;;_R2;$|]}|PEPTIDE1{[Mpa].[Acpc].[dPip].[A3]}$CHEM1,PEPTIDE1,1:R1-1:R3|CHEM1,PEPTIDE1,1:R2-4:R3$$$V2.0",-2.145
GraphSAGE,1,"CHEM1{[[*]Cc1cccc(C[*])n1 |$_R1;;;;;;;;_R2;$|]}|PEPTIDE1{[Mpa].[Ac6c].[Acpc].[A3]}$CHEM1,PEPTIDE1,1:R1-1:R3|CHEM1,PEPTIDE1,1:R2-4:R3$$$V2.0",0.497
GraphSAGE,1,"CHEM1{[[*]Cc1cccc(C[*])n1 |$_R1;;;;;;;;_R2;$|]}|PEPTIDE1{[Mpa].[Acpc].[Ac3c].[A3]}$CHEM1,PEPTIDE1,1:R1-1:R3|CHEM1,PEPTIDE1,1:R2-4:R3$$$V2.0",-1.084
GraphSAGE,1,"CHEM1{[[*]Cc1cccc(C[*])n1 |$_R1;;;;;;;;_R2;$|]}|PEPTIDE1{[Mpa].[2Achc].[dPip].[A3]}$CHEM1,PEPTIDE1,1:R1-1:R3|CHEM1,PEPTIDE1,1:R2-4:R3$$$V2.0",-2.698
GraphSAGE,1,"CHEM1{[[*]Cc1cccc(C[*])n1 |$_R1;;;;;;;;_R2;$|]}|PEPTIDE1{[Mpa].[4CIF].[bAla].[A6]}$CHEM1,PEPTIDE1,1:R1-1:R3|CHEM1,PEPTIDE1,1:R2-4:R3$$$V2.0",-2.524
GraphSAGE,1,"CHEM1{[[*]Cc1cccc(C[*])n1 |$_R1;;;;;;;;_R2;$|]}|PEPTIDE1{[Mpa].[4CIF].[2Achc].[A6]}$CHEM1,PEPTIDE1,1:R1-1:R3|CHEM1,PEPTIDE1,1:R2-4:R3$$$V2.0",-5.284
GraphSAGE,1,"CHEM1{[[*]Cc1cccc(C[*])n1 |$_R1;;;;;;;;_R2;$|]}|PEPTIDE1{[Mpa].[2Achc].[dP].[A3]}$CHEM1,PEPTIDE1,1:R1-1:R3|CHEM1,PEPTIDE1,1:R2-4:R3$$$V2.0",-3.142
GraphSAGE,1,"CHEM1{[[*]Cc1cccc(C[*])n1 |$_R1;;;;;;;;_R2;$|]}|PEPTIDE1{[Mpa].[2Achc].P.[A3]}$CHEM1,PEPTIDE1,1:R1-1:R3|CHEM1,PEPTIDE1,1:R2-4:R3$$$V2.0",-0.848
GraphSAGE,1,"CHEM1{[[*]Cc1cccc(C[*])n1 |$_R1;;;;;;;;_R2;$|]}|PEPTIDE1{[Mpa].[2Achc].[Ac3c].[A3]}$CHEM1,PEPTIDE1,1:R1-1:R3|CHEM1,PEPTIDE1,1:R2-4:R3$$$V2.0",-2.076
GraphSAGE,1,"CHEM1{[[*]Cc1cccc(C[*])n1 |$_R1;;;;;;;;_R2;$|]}|PEPTIDE1{[Mpa].[2Achc].[Aze].[A3]}$CHEM1,PEPTIDE1,1:R1-1:R3|CHEM1,PEPTIDE1,1:R2-4:R3$$$V2.0",-2.492
GraphSAGE,1,"CHEM1{[[*]Cc1ccc(C[*])cc1 |$_R1;;;;;;;_R2;;$|]}|PEPTIDE1{[Mpa].[4CIF].[bhPro].[A2]}$CHEM1,PEPTIDE1,1:R1-1:R3|CHEM1,PEPTIDE1,1:R2-4:R3$$$V2.0",-5.567
GraphSAGE,1,"CHEM1{[[*]Cc1ccc(C[*])cc1 |$_R1;;;;;;;_R2;;$|]}|PEPTIDE1{[Mpa].[4CIF].[bAla].[A2]}$CHEM1,PEPTIDE1,1:R1-1:R3|CHEM1,PEPTIDE1,1:R2-4:R3$$$V2.0",-5.195
GraphSAGE,1,"CHEM1{[[*]Cc1cccc(C[*])n1 |$_R1;;;;;;;;_R2;$|]}|PEPTIDE1{[Mpa].[Acpc].[4CIF].[A3]}$CHEM1,PEPTIDE1,1:R1-1:R3|CHEM1,PEPTIDE1,1:R2-4:R3$$$V2.0",-3.524
GraphSAGE,1,"CHEM1{[[*]Cc1cccc(C[*])n1 |$_R1;;;;;;;;_R2;$|]}|PEPTIDE1{[Mpa].[4CIF].[Acpc].[A6]}$CHEM1,PEPTIDE1,1:R1-1:R3|CHEM1,PEPTIDE1,1:R2-4:R3$$$V2.0",-1.318
GraphSAGE,1,"CHEM1{[[*]Cc1ccc(C[*])cc1 |$_R1;;;;;;;_R2;;$|]}|PEPTIDE1{[Mpa].[4CIF].[Acpc].[A3]}$CHEM1,PEPTIDE1,1:R1-1:R3|CHEM1,PEPTIDE1,1:R2-4:R3$$$V2.0",-4.943
GraphSAGE,1,"CHEM1{[[*]Cc1cccc(C[*])n1 |$_R1;;;;;;;;_R2;$|]}|PEPTIDE1{[Mpa].[2Achc].G.[A2]}$CHEM1,PEPTIDE1,1:R1-1:R3|CHEM1,PEPTIDE1,1:R2-4:R3$$$V2.0",-1.542
GraphSAGE,1,"CHEM1{[[*]Cc1cccc(C[*])n1 |$_R1;;;;;;;;_R2;$|]}|PEPTIDE1{[Mpa].[2Achc].G.[A3]}$CHEM1,PEPTIDE1,1:R1-1:R3|CHEM1,PEPTIDE1,1:R2-4:R3$$$V2.0",-2.568
GraphSAGE,1,"CHEM1{[[*]Cc1ccc(C[*])cc1 |$_R1;;;;;;;_R2;;$|]}|PEPTIDE1{[Mpa].[4CIF].[2Achc].[A3]}$CHEM1,PEPTIDE1,1:R1-1:R3|CHEM1,PEPTIDE1,1:R2-4:R3$$$V2.0",-4.128
GraphSAGE,1,"CHEM1{[[*]Cc1cccc(C[*])n1 |$_R1;;;;;;;;_R2;$|]}|PEPTIDE1{[Mpa].[Ac3c].[Acpc].[A3]}$CHEM1,PEPTIDE1,1:R1-1:R3|CHEM1,PEPTIDE1,1:R2-4:R3$$$V2.0",-0.109
GraphSAGE,1,"CHEM1{[[*]Cc1cccc(C[*])n1 |$_R1;;;;;;;;_R2;$|]}|PEPTIDE1{[Mpa].[Ac6c].[2Achc].[A2]}$CHEM1,PEPTIDE1,1:R1-1:R3|CHEM1,PEPTIDE1,1:R2-4:R3$$$V2.0",-2.69
GraphSAGE,1,"CHEM1{[[*]C/C=C/C[*] |$_R1;;;;;_R2$|]}|PEPTIDE1{[Mpa].[2Achc].R.[A3]}$CHEM1,PEPTIDE1,1:R1-1:R3|CHEM1,PEPTIDE1,1:R2-4:R3$$$V2.0",3.29
GraphSAGE,1,"CHEM1{[[*]Cc1cccc(C[*])n1 |$_R1;;;;;;;;_R2;$|]}|PEPTIDE1{[Mpa].[Acpc].[dP].[A3]}$CHEM1,PEPTIDE1,1:R1-1:R3|CHEM1,PEPTIDE1,1:R2-4:R3$$$V2.0",-2.138
GraphSAGE,1,"CHEM1{[[*]Cc1cccc(C[*])n1 |$_R1;;;;;;;;_R2;$|]}|PEPTIDE1{[Mpa].[Acpc].P.[A3]}$CHEM1,PEPTIDE1,1:R1-1:R3|CHEM1,PEPTIDE1,1:R2-4:R3$$$V2.0",-2.229
GraphSAGE,1,"CHEM1{[[*]Cc1cccc(C[*])n1 |$_R1;;;;;;;;_R2;$|]}|PEPTIDE1{[Mpa].[4CIF].[2Amb].[A3]}$CHEM1,PEPTIDE1,1:R1-1:R3|CHEM1,PEPTIDE1,1:R2-4:R3$$$V2.0",-1.214
GraphSAGE,1,"CHEM1{[[*]CC(=O)C[*] |$_R1;;;;;_R2$|]}|PEPTIDE1{[Mpa].[2Achc].R.[A3]}$CHEM1,PEPTIDE1,1:R1-1:R3|CHEM1,PEPTIDE1,1:R2-4:R3$$$V2.0",0.033
GraphSAGE,1,"CHEM1{[[*]Cc1cccc(C[*])n1 |$_R1;;;;;;;;_R2;$|]}|PEPTIDE1{[Mpa].G.[2Achc].[A3]}$CHEM1,PEPTIDE1,1:R1-1:R3|CHEM1,PEPTIDE1,1:R2-4:R3$$$V2.0",-0.819
GraphSAGE,1,"CHEM1{[[*]C/C=C/C[*] |$_R1;;;;;_R2$|]}|PEPTIDE1{[Mpa].[Acpc].R.[A3]}$CHEM1,PEPTIDE1,1:R1-1:R3|CHEM1,PEPTIDE1,1:R2-4:R3$$$V2.0",-2.574
GraphSAGE,1,"CHEM1{[[*]Cc1cccc(C[*])n1 |$_R1;;;;;;;;_R2;$|]}|PEPTIDE1{[Mpa].[Acpc].[Aze].[A3]}$CHEM1,PEPTIDE1,1:R1-1:R3|CHEM1,PEPTIDE1,1:R2-4:R3$$$V2.0",-1.55
GraphSAGE,1,"CHEM1{[[*]Cc1cccc(C[*])n1 |$_R1;;;;;;;;_R2;$|]}|PEPTIDE1{[Mpa].[Ac3c].[2Achc].[A2]}$CHEM1,PEPTIDE1,1:R1-1:R3|CHEM1,PEPTIDE1,1:R2-4:R3$$$V2.0",-1.469
GraphSAGE,1,"CHEM1{[[*]Cc1ccc(C[*])cc1 |$_R1;;;;;;;_R2;;$|]}|PEPTIDE1{[Mpa].[Acpc].[Ac6c].[A2]}$CHEM1,PEPTIDE1,1:R1-1:R3|CHEM1,PEPTIDE1,1:R2-4:R3$$$V2.0",-4.409
GraphSAGE,1,"CHEM1{[[*]Cc1cccc(C[*])n1 |$_R1;;;;;;;;_R2;$|]}|PEPTIDE1{[Mpa].[2Achc].[Thio].[A3]}$CHEM1,PEPTIDE1,1:R1-1:R3|CHEM1,PEPTIDE1,1:R2-4:R3$$$V2.0",-4.139
GraphSAGE,1,"CHEM1{[[*]Cc1ccc(C[*])cc1 |$_R1;;;;;;;_R2;;$|]}|PEPTIDE1{[Mpa].[2Achc].[Ac3c].[A2]}$CHEM1,PEPTIDE1,1:R1-1:R3|CHEM1,PEPTIDE1,1:R2-4:R3$$$V2.0",-3.715
GraphSAGE,1,"CHEM1{[[*]Cc1ccc(C[*])cc1 |$_R1;;;;;;;_R2;;$|]}|PEPTIDE1{[Mpa].[2Achc].[Ac6c].[A2]}$CHEM1,PEPTIDE1,1:R1-1:R3|CHEM1,PEPTIDE1,1:R2-4:R3$$$V2.0",-4.17
GraphSAGE,1,"CHEM1{[[*]Cc1cccc(C[*])n1 |$_R1;;;;;;;;_R2;$|]}|PEPTIDE1{[Mpa].[4CIF].[A2]}$CHEM1,PEPTIDE1,1:R1-1:R3|CHEM1,PEPTIDE1,1:R2-3:R3$$$V2.0",-4.884
GraphSAGE,1,"CHEM1{[[*]Cc1cccc(C[*])n1 |$_R1;;;;;;;;_R2;$|]}|PEPTIDE1{[Mpa].[Acpc].G.[A3]}$CHEM1,PEPTIDE1,1:R1-1:R3|CHEM1,PEPTIDE1,1:R2-4:R3$$$V2.0",-3.381
GraphSAGE,1,"CHEM1{[[*]CC(=O)C[*] |$_R1;;;;;_R2$|]}|PEPTIDE1{[Mpa].[Acpc].R.[A3]}$CHEM1,PEPTIDE1,1:R1-1:R3|CHEM1,PEPTIDE1,1:R2-4:R3$$$V2.0",-2.818
GraphSAGE,1,"CHEM1{[[*]Cc1cccc(C[*])n1 |$_R1;;;;;;;;_R2;$|]}|PEPTIDE1{[Mpa].[Acpc].G.[A2]}$CHEM1,PEPTIDE1,1:R1-1:R3|CHEM1,PEPTIDE1,1:R2-4:R3$$$V2.0",-3.155
GraphSAGE,1,"CHEM1{[[*]Cc1cccc(C[*])n1 |$_R1;;;;;;;;_R2;$|]}|PEPTIDE1{[Mpa].[2Achc].[4CIF].[A2]}$CHEM1,PEPTIDE1,1:R1-1:R3|CHEM1,PEPTIDE1,1:R2-4:R3$$$V2.0",0.23
GraphSAGE,1,"CHEM1{[[*]Cc1cccc(C[*])n1 |$_R1;;;;;;;;_R2;$|]}|PEPTIDE1{[Mpa].[2Achc].[dP].[A2]}$CHEM1,PEPTIDE1,1:R1-1:R3|CHEM1,PEPTIDE1,1:R2-4:R3$$$V2.0",-0.415
GraphSAGE,1,"CHEM1{[[*]Cc1cccc(C[*])n1 |$_R1;;;;;;;;_R2;$|]}|PEPTIDE1{[Mpa].[2Achc].P.[A2]}$CHEM1,PEPTIDE1,1:R1-1:R3|CHEM1,PEPTIDE1,1:R2-4:R3$$$V2.0",-1.558
GraphSAGE,1,"CHEM1{[[*]Cc1cccc(C[*])n1 |$_R1;;;;;;;;_R2;$|]}|PEPTIDE1{[Mpa].[Acpc].[Ac6c].[A6]}$CHEM1,PEPTIDE1,1:R1-1:R3|CHEM1,PEPTIDE1,1:R2-4:R3$$$V2.0",-1.536
GraphSAGE,1,"CHEM1{[[*]Cc1cccc(C[*])n1 |$_R1;;;;;;;;_R2;$|]}|PEPTIDE1{[Mpa].[2Achc].[Aze].[A2]}$CHEM1,PEPTIDE1,1:R1-1:R3|CHEM1,PEPTIDE1,1:R2-4:R3$$$V2.0",-1.177
GraphSAGE,1,"CHEM1{[[*]Cc1cccc(C[*])n1 |$_R1;;;;;;;;_R2;$|]}|PEPTIDE1{[Mpa].[Acpc].[dPip].[A2]}$CHEM1,PEPTIDE1,1:R1-1:R3|CHEM1,PEPTIDE1,1:R2-4:R3$$$V2.0",-2.546
GraphSAGE,1,"CHEM1{[[*]Cc1ccc(C[*])cc1 |$_R1;;;;;;;_R2;;$|]}|PEPTIDE1{[Mpa].[2Achc].G.[A2]}$CHEM1,PEPTIDE1,1:R1-1:R3|CHEM1,PEPTIDE1,1:R2-4:R3$$$V2.0",-3.617
GraphSAGE,1,"CHEM1{[[*]Cc1cccc(C[*])n1 |$_R1;;;;;;;;_R2;$|]}|PEPTIDE1{[Mpa].[2Achc].[Ac6c].[A6]}$CHEM1,PEPTIDE1,1:R1-1:R3|CHEM1,PEPTIDE1,1:R2-4:R3$$$V2.0",-4.669
GraphSAGE,1,"CHEM1{[[*]Cc1cccc(C[*])n1 |$_R1;;;;;;;;_R2;$|]}|PEPTIDE1{[Mpa].[2Achc].[dPip].[A2]}$CHEM1,PEPTIDE1,1:R1-1:R3|CHEM1,PEPTIDE1,1:R2-4:R3$$$V2.0",-2.038
GraphSAGE,1,"CHEM1{[[*]Cc1cccc(C[*])n1 |$_R1;;;;;;;;_R2;$|]}|PEPTIDE1{[Mpa].[4CIF].[bhPro].[A6]}$CHEM1,PEPTIDE1,1:R1-1:R3|CHEM1,PEPTIDE1,1:R2-4:R3$$$V2.0",-3.805
GraphSAGE,1,"CHEM1{[[*]Cc1cccc(C[*])n1 |$_R1;;;;;;;;_R2;$|]}|PEPTIDE1{[Mpa].[Ac6c].[Acpc].[A2]}$CHEM1,PEPTIDE1,1:R1-1:R3|CHEM1,PEPTIDE1,1:R2-4:R3$$$V2.0",-1.413
GraphSAGE,1,"CHEM1{[[*]Cc1cccc(C[*])n1 |$_R1;;;;;;;;_R2;$|]}|PEPTIDE1{[Mpa].[4CIF].[2Amb].[A2]}$CHEM1,PEPTIDE1,1:R1-1:R3|CHEM1,PEPTIDE1,1:R2-4:R3$$$V2.0",-1.838
GraphSAGE,1,"CHEM1{[[*]Cc1cccc(C[*])n1 |$_R1;;;;;;;;_R2;$|]}|PEPTIDE1{[Mpa].[Ac6c].[2Achc].[A6]}$CHEM1,PEPTIDE1,1:R1-1:R3|CHEM1,PEPTIDE1,1:R2-4:R3$$$V2.0",0.645
GraphSAGE,1,"CHEM1{[[*]Cc1ccc(C[*])cc1 |$_R1;;;;;;;_R2;;$|]}|PEPTIDE1{[Mpa].[4CIF].[Acpc].[A6]}$CHEM1,PEPTIDE1,1:R1-1:R3|CHEM1,PEPTIDE1,1:R2-4:R3$$$V2.0",-5.489
GraphSAGE,1,"CHEM1{[[*]Cc1ccc(C[*])cc1 |$_R1;;;;;;;_R2;;$|]}|PEPTIDE1{[Mpa].[4CIF].[2Achc].[A6]}$CHEM1,PEPTIDE1,1:R1-1:R3|CHEM1,PEPTIDE1,1:R2-4:R3$$$V2.0",-6.307
GraphSAGE,1,"CHEM1{[[*]Cc1cccc(C[*])n1 |$_R1;;;;;;;;_R2;$|]}|PEPTIDE1{[Mpa].[4CIF].[bAla].[A4]}$CHEM1,PEPTIDE1,1:R1-1:R3|CHEM1,PEPTIDE1,1:R2-4:R3$$$V2.0",-3.338
GraphSAGE,1,"CHEM1{[[*]Cc1ccc(C[*])cc1 |$_R1;;;;;;;_R2;;$|]}|PEPTIDE1{[Mpa].[Acpc].[Ac3c].[A2]}$CHEM1,PEPTIDE1,1:R1-1:R3|CHEM1,PEPTIDE1,1:R2-4:R3$$$V2.0",-3.655
GraphSAGE,1,"CHEM1{[[*]Cc1cccc(C[*])n1 |$_R1;;;;;;;;_R2;$|]}|PEPTIDE1{[Mpa].[Acpc].[dP].[A2]}$CHEM1,PEPTIDE1,1:R1-1:R3|CHEM1,PEPTIDE1,1:R2-4:R3$$$V2.0",-0.965
GraphSAGE,1,"CHEM1{[[*]Cc1cccc(C[*])n1 |$_R1;;;;;;;;_R2;$|]}|PEPTIDE1{[Mpa].[Acpc].P.[A2]}$CHEM1,PEPTIDE1,1:R1-1:R3|CHEM1,PEPTIDE1,1:R2-4:R3$$$V2.0",-3.264
GraphSAGE,1,"CHEM1{[[*]Cc1ccc(C[*])cc1 |$_R1;;;;;;;_R2;;$|]}|PEPTIDE1{[Mpa].[Ac6c].[2Achc].[A3]}$CHEM1,PEPTIDE1,1:R1-1:R3|CHEM1,PEPTIDE1,1:R2-4:R3$$$V2.0",-3.243
GraphSAGE,1,"CHEM1{[[*]Cc1cccc(C[*])n1 |$_R1;;;;;;;;_R2;$|]}|PEPTIDE1{[Mpa].[2Achc].[4CIF].[A6]}$CHEM1,PEPTIDE1,1:R1-1:R3|CHEM1,PEPTIDE1,1:R2-4:R3$$$V2.0",-2.352
GraphSAGE,1,"CHEM1{[[*]Cc1ccc(C[*])cc1 |$_R1;;;;;;;_R2;;$|]}|PEPTIDE1{[Mpa].[Thio].[2Achc].[Mea]}$CHEM1,PEPTIDE1,1:R1-1:R3|CHEM1,PEPTIDE1,1:R2-4:R3$$$V2.0",-4.545
GraphSAGE,1,"CHEM1{[[*]Cc1cccc(C[*])n1 |$_R1;;;;;;;;_R2;$|]}|PEPTIDE1{[Mpa].[4CIF].[bAla].[A5]}$CHEM1,PEPTIDE1,1:R1-1:R3|CHEM1,PEPTIDE1,1:R2-4:R3$$$V2.0",0.305
GraphSAGE,1,"CHEM1{[[*]Cc1cccc(C[*])n1 |$_R1;;;;;;;;_R2;$|]}|PEPTIDE1{[Mpa].[Acpc].[4CIF].[A2]}$CHEM1,PEPTIDE1,1:R1-1:R3|CHEM1,PEPTIDE1,1:R2-4:R3$$$V2.0",-3.787
GraphSAGE,1,"CHEM1{[[*]Cc1cccc(C[*])n1 |$_R1;;;;;;;;_R2;$|]}|PEPTIDE1{[Mpa].[Acpc].[Aze].[A2]}$CHEM1,PEPTIDE1,1:R1-1:R3|CHEM1,PEPTIDE1,1:R2-4:R3$$$V2.0",-1.459
GraphSAGE,1,"CHEM1{[[*]Cc1cccc(C[*])n1 |$_R1;;;;;;;;_R2;$|]}|PEPTIDE1{[Mpa].[4CIF].[4Amb].[A4]}$CHEM1,PEPTIDE1,1:R1-1:R3|CHEM1,PEPTIDE1,1:R2-4:R3$$$V2.0",-4.859
GraphSAGE,1,"CHEM1{[[*]Cc1cccc(C[*])n1 |$_R1;;;;;;;;_R2;$|]}|PEPTIDE1{[Mpa].[Ac3c].[2Achc].[A6]}$CHEM1,PEPTIDE1,1:R1-1:R3|CHEM1,PEPTIDE1,1:R2-4:R3$$$V2.0",-5.381
GraphSAGE,1,"CHEM1{[[*]Cc1cccc(C[*])n1 |$_R1;;;;;;;;_R2;$|]}|PEPTIDE1{[Mpa].[2Achc].[Ac3c].[A4]}$CHEM1,PEPTIDE1,1:R1-1:R3|CHEM1,PEPTIDE1,1:R2-4:R3$$$V2.0",8.874
GraphSAGE,1,"CHEM1{[[*]Cc1ccc(C[*])cc1 |$_R1;;;;;;;_R2;;$|]}|PEPTIDE1{[Mpa].[Acpc].[Ac6c].[A3]}$CHEM1,PEPTIDE1,1:R1-1:R3|CHEM1,PEPTIDE1,1:R2-4:R3$$$V2.0",-3.308
GraphSAGE,1,"CHEM1{[[*]C/C=C/C[*] |$_R1;;;;;_R2$|]}|PEPTIDE1{[Mpa].[Acpc].[Ac6c].[A3]}$CHEM1,PEPTIDE1,1:R1-1:R3|CHEM1,PEPTIDE1,1:R2-4:R3$$$V2.0",0.544
GraphSAGE,1,"CHEM1{[[*]Cc1ccc(C[*])cc1 |$_R1;;;;;;;_R2;;$|]}|PEPTIDE1{[Mpa].[2Achc].[Ac6c].[A3]}$CHEM1,PEPTIDE1,1:R1-1:R3|CHEM1,PEPTIDE1,1:R2-4:R3$$$V2.0",-5.14
GraphSAGE,1,"CHEM1{[[*]Cc1cccc(C[*])n1 |$_R1;;;;;;;;_R2;$|]}|PEPTIDE1{[Mpa].[Acpc].[Ac6c].[A5]}$CHEM1,PEPTIDE1,1:R1-1:R3|CHEM1,PEPTIDE1,1:R2-4:R3$$$V2.0",-1.995
GraphSAGE,1,"CHEM1{[[*]Cc1cccc(C[*])n1 |$_R1;;;;;;;;_R2;$|]}|PEPTIDE1{[Mpa].[2Achc].[Ac3c].[A6]}$CHEM1,PEPTIDE1,1:R1-1:R3|CHEM1,PEPTIDE1,1:R2-4:R3$$$V2.0",-2.64
GraphSAGE,1,"CHEM1{[[*]Cc1ccc(C[*])cc1 |$_R1;;;;;;;_R2;;$|]}|PEPTIDE1{[Mpa].[4CIF].[bhPro].[A3]}$CHEM1,PEPTIDE1,1:R1-1:R3|CHEM1,PEPTIDE1,1:R2-4:R3$$$V2.0",-4.571
GraphSAGE,1,"CHEM1{[[*]Cc1cccc(C[*])n1 |$_R1;;;;;;;;_R2;$|]}|PEPTIDE1{[Mpa].[2Achc].[Ac6c].[A5]}$CHEM1,PEPTIDE1,1:R1-1:R3|CHEM1,PEPTIDE1,1:R2-4:R3$$$V2.0",-4.396
GraphSAGE,1,"CHEM1{[[*]Cc1ccc(C[*])cc1 |$_R1;;;;;;;_R2;;$|]}|PEPTIDE1{[Mpa].[2Achc].[4CIF].[A3]}$CHEM1,PEPTIDE1,1:R1-1:R3|CHEM1,PEPTIDE1,1:R2-4:R3$$$V2.0",2.347
GraphSAGE,1,"CHEM1{[[*]Cc1ccc(C[*])cc1 |$_R1;;;;;;;_R2;;$|]}|PEPTIDE1{[Mpa].[2Achc].[Ac6c].[A6]}$CHEM1,PEPTIDE1,1:R1-1:R3|CHEM1,PEPTIDE1,1:R2-4:R3$$$V2.0",-4.597
GraphSAGE,1,"CHEM1{[[*]Cc1cccc(C[*])n1 |$_R1;;;;;;;;_R2;$|]}|PEPTIDE1{[Mpa].[Acpc].[Ac3c].[A6]}$CHEM1,PEPTIDE1,1:R1-1:R3|CHEM1,PEPTIDE1,1:R2-4:R3$$$V2.0",-2.581
GraphSAGE,1,"CHEM1{[[*]Cc1cccc(C[*])n1 |$_R1;;;;;;;;_R2;$|]}|PEPTIDE1{[Mpa].[4CIF].[Acpc].[A4]}$CHEM1,PEPTIDE1,1:R1-1:R3|CHEM1,PEPTIDE1,1:R2-4:R3$$$V2.0",-5.764
GraphSAGE,1,"CHEM1{[[*]Cc1ccc(C[*])cc1 |$_R1;;;;;;;_R2;;$|]}|PEPTIDE1{[Mpa].[4CIF].[2Amb].[A2]}$CHEM1,PEPTIDE1,1:R1-1:R3|CHEM1,PEPTIDE1,1:R2-4:R3$$$V2.0",-5.797
GraphSAGE,2,"CHEM1{[[*]C/C=C/C[*] |$_R1;;;;;_R2$|]}|PEPTIDE1{[Mpa].R.[bhPro].[A2]}$CHEM1,PEPTIDE1,1:R1-1:R3|CHEM1,PEPTIDE1,1:R2-4:R3$$$V2.0",-2.807
GraphSAGE,2,"CHEM1{[[*]Cc1ccc(C[*])cc1 |$_R1;;;;;;;_R2;;$|]}|PEPTIDE1{[Mpa].[4CIF].[Acpc].[A4]}$CHEM1,PEPTIDE1,1:R1-1:R3|CHEM1,PEPTIDE1,1:R2-4:R3$$$V2.0",-4.728
GraphSAGE,2,"CHEM1{[[*]C/C=C/C[*] |$_R1;;;;;_R2$|]}|PEPTIDE1{[Mpa].R.[bAla].[A2]}$CHEM1,PEPTIDE1,1:R1-1:R3|CHEM1,PEPTIDE1,1:R2-4:R3$$$V2.0",-2.189
GraphSAGE,2,"CHEM1{[[*]C/C=C/C[*] |$_R1;;;;;_R2$|]}|PEPTIDE1{[Mpa].R.[bAla].[A6]}$CHEM1,PEPTIDE1,1:R1-1:R3|CHEM1,PEPTIDE1,1:R2-4:R3$$$V2.0",-1.588
GraphSAGE,2,"CHEM1{[[*]Cc1ccc(C[*])cc1 |$_R1;;;;;;;_R2;;$|]}|PEPTIDE1{[Mpa].[4CIF].[4Amb].[A4]}$CHEM1,PEPTIDE1,1:R1-1:R3|CHEM1,PEPTIDE1,1:R2-4:R3$$$V2.0",-5.224
GraphSAGE,2,"CHEM1{[[*]C/C=C/C[*] |$_R1;;;;;_R2$|]}|PEPTIDE1{[Mpa].R.[bAla].[A5]}$CHEM1,PEPTIDE1,1:R1-1:R3|CHEM1,PEPTIDE1,1:R2-4:R3$$$V2.0",-4.009
GraphSAGE,2,"CHEM1{[[*]Cc1ccc(C[*])cc1 |$_R1;;;;;;;_R2;;$|]}|PEPTIDE1{[Mpa].[4CIF].[2Amb].[A4]}$CHEM1,PEPTIDE1,1:R1-1:R3|CHEM1,PEPTIDE1,1:R2-4:R3$$$V2.0",-5.511
GraphSAGE,2,"CHEM1{[[*]CC1=COC=C1(C[*]) |$_R1;;;;;;;;_R2;$|]}|PEPTIDE1{[Mpa].R.[bhPro].[A2]}$CHEM1,PEPTIDE1,1:R1-1:R3|CHEM1,PEPTIDE1,1:R2-4:R3$$$V2.0",-3.431
GraphSAGE,2,"CHEM1{[[*]Cc1ccc(C[*])cc1 |$_R1;;;;;;;_R2;;$|]}|PEPTIDE1{[Mpa].[4CIF].[4Achc].[A4]}$CHEM1,PEPTIDE1,1:R1-1:R3|CHEM1,PEPTIDE1,1:R2-4:R3$$$V2.0",-6.013
GraphSAGE,2,"CHEM1{[[*]Cc1ccc(C[*])cc1 |$_R1;;;;;;;_R2;;$|]}|PEPTIDE1{[Mpa].R.[bhPro].[A2]}$CHEM1,PEPTIDE1,1:R1-1:R3|CHEM1,PEPTIDE1,1:R2-4:R3$$$V2.0",-4.174
GraphSAGE,2,"CHEM1{[[*]C/C=C/C[*] |$_R1;;;;;_R2$|]}|PEPTIDE1{[Mpa].R.[bhPro].[A5]}$CHEM1,PEPTIDE1,1:R1-1:R3|CHEM1,PEPTIDE1,1:R2-4:R3$$$V2.0",-2.265
GraphSAGE,2,"CHEM1{[[*]C/C=C/C[*] |$_R1;;;;;_R2$|]}|PEPTIDE1{[Mpa].R.[bhPro].[A6]}$CHEM1,PEPTIDE1,1:R1-1:R3|CHEM1,PEPTIDE1,1:R2-4:R3$$$V2.0",-2.089
GraphSAGE,2,"CHEM1{[[*]C/C=C/C[*] |$_R1;;;;;_R2$|]}|PEPTIDE1{[Mpa].R.[bhPro].[Mea]}$CHEM1,PEPTIDE1,1:R1-1:R3|CHEM1,PEPTIDE1,1:R2-4:R3$$$V2.0",-2.287
GraphSAGE,2,"CHEM1{[[*]Cc1nc2ccccc2nc1(C[*]) |$_R1;;;;;;;;;;;;;_R2;$|]}|PEPTIDE1{[Mpa].[4CIF].[bhPro].[A2]}$CHEM1,PEPTIDE1,1:R1-1:R3|CHEM1,PEPTIDE1,1:R2-4:R3$$$V2.0",1.83
GraphSAGE,2,"CHEM1{[[*]CC1=COC=C1(C[*]) |$_R1;;;;;;;;_R2;$|]}|PEPTIDE1{[Mpa].[Ac3c].[2Achc].[A2]}$CHEM1,PEPTIDE1,1:R1-1:R3|CHEM1,PEPTIDE1,1:R2-4:R3$$$V2.0",-4.1
GraphSAGE,2,"CHEM1{[[*]C/C=C/C[*] |$_R1;;;;;_R2$|]}|PEPTIDE1{[Mpa].R.[Ac3c].[A6]}$CHEM1,PEPTIDE1,1:R1-1:R3|CHEM1,PEPTIDE1,1:R2-4:R3$$$V2.0",-1.59
GraphSAGE,2,"CHEM1{[[*]Cc1ccc(C[*])cc1 |$_R1;;;;;;;_R2;;$|]}|PEPTIDE1{[Mpa].[4CIF].[2Achc].[A4]}$CHEM1,PEPTIDE1,1:R1-1:R3|CHEM1,PEPTIDE1,1:R2-4:R3$$$V2.0",-5.432
GraphSAGE,2,"CHEM1{[[*]C/C=C/C[*] |$_R1;;;;;_R2$|]}|PEPTIDE1{[Mpa].[4CIF].[4Amb].[Mea]}$CHEM1,PEPTIDE1,1:R1-1:R3|CHEM1,PEPTIDE1,1:R2-4:R3$$$V2.0",-5.144
GraphSAGE,2,"CHEM1{[[*]CC1=COC=C1(C[*]) |$_R1;;;;;;;;_R2;$|]}|PEPTIDE1{[Mpa].[Ac3c].[2Achc].[A6]}$CHEM1,PEPTIDE1,1:R1-1:R3|CHEM1,PEPTIDE1,1:R2-4:R3$$$V2.0",0.43
GraphSAGE,2,"CHEM1{[[*]C/C=C/C[*] |$_R1;;;;;_R2$|]}|PEPTIDE1{[Mpa].[4CIF].[4Amb].[A4]}$CHEM1,PEPTIDE1,1:R1-1:R3|CHEM1,PEPTIDE1,1:R2-4:R3$$$V2.0",-5.326
GraphSAGE,2,"CHEM1{[[*]Cc1ccc(C[*])cc1 |$_R1;;;;;;;_R2;;$|]}|PEPTIDE1{[Mpa].[4CIF].[4Amb].[Mea]}$CHEM1,PEPTIDE1,1:R1-1:R3|CHEM1,PEPTIDE1,1:R2-4:R3$$$V2.0",-5.465
GraphSAGE,2,"CHEM1{[[*]Cc1cccc(C[*])n1 |$_R1;;;;;;;;_R2;$|]}|PEPTIDE1{[Mpa].[bAla].[4CIF].[A6]}$CHEM1,PEPTIDE1,1:R1-1:R3|CHEM1,PEPTIDE1,1:R2-4:R3$$$V2.0",-3.519
GraphSAGE,2,"CHEM1{[[*]C/C=C/C[*] |$_R1;;;;;_R2$|]}|PEPTIDE1{[Mpa].R.[bAla].[A3]}$CHEM1,PEPTIDE1,1:R1-1:R3|CHEM1,PEPTIDE1,1:R2-4:R3$$$V2.0",0.963
GraphSAGE,2,"CHEM1{[[*]Cc1ccc(C[*])cc1 |$_R1;;;;;;;_R2;;$|]}|PEPTIDE1{[Mpa].[4CIF].[4Amb].[A2]}$CHEM1,PEPTIDE1,1:R1-1:R3|CHEM1,PEPTIDE1,1:R2-4:R3$$$V2.0",-5.458
GraphSAGE,2,"CHEM1{[[*]Cc1ccc(C[*])cc1 |$_R1;;;;;;;_R2;;$|]}|PEPTIDE1{[Mpa].[4CIF].[Nip].[A4]}$CHEM1,PEPTIDE1,1:R1-1:R3|CHEM1,PEPTIDE1,1:R2-4:R3$$$V2.0",-5.268
GraphSAGE,2,"CHEM1{[[*]Cc1ccc(C[*])cc1 |$_R1;;;;;;;_R2;;$|]}|PEPTIDE1{[Mpa].[4CIF].[dNip].[A4]}$CHEM1,PEPTIDE1,1:R1-1:R3|CHEM1,PEPTIDE1,1:R2-4:R3$$$V2.0",-5.816
GraphSAGE,2,"CHEM1{[[*]CC(=O)C[*] |$_R1;;;;;_R2$|]}|PEPTIDE1{[Mpa].R.[bhPro].[Mea]}$CHEM1,PEPTIDE1,1:R1-1:R3|CHEM1,PEPTIDE1,1:R2-4:R3$$$V2.0",-1.684
GraphSAGE,2,"CHEM1{[[*]CC(=O)C[*] |$_R1;;;;;_R2$|]}|PEPTIDE1{[Mpa].[4CIF].[A3]}$CHEM1,PEPTIDE1,1:R1-1:R3|CHEM1,PEPTIDE1,1:R2-3:R3$$$V2.0",-4.209
GraphSAGE,2,"CHEM1{[[*]C/C=C/C[*] |$_R1;;;;;_R2$|]}|PEPTIDE1{[Mpa].R.[bhPro].[A7]}$CHEM1,PEPTIDE1,1:R1-1:R3|CHEM1,PEPTIDE1,1:R2-4:R3$$$V2.0",-2.906
GraphSAGE,2,"CHEM1{[[*]C/C=C/C[*] |$_R1;;;;;_R2$|]}|PEPTIDE1{[Mpa].[4CIF].[4Amb].[A2]}$CHEM1,PEPTIDE1,1:R1-1:R3|CHEM1,PEPTIDE1,1:R2-4:R3$$$V2.0",-5.436
GraphSAGE,2,"CHEM1{[[*]CC(=O)C[*] |$_R1;;;;;_R2$|]}|PEPTIDE1{[Mpa].R.[A2]}$CHEM1,PEPTIDE1,1:R1-1:R3|CHEM1,PEPTIDE1,1:R2-3:R3$$$V2.0",-1.135
GraphSAGE,2,"CHEM1{[[*]CC1=COC=C1(C[*]) |$_R1;;;;;;;;_R2;$|]}|PEPTIDE1{[Mpa].R.[bAla].[A2]}$CHEM1,PEPTIDE1,1:R1-1:R3|CHEM1,PEPTIDE1,1:R2-4:R3$$$V2.0",-3.08
GraphSAGE,2,"CHEM1{[[*]C/C=C/C[*] |$_R1;;;;;_R2$|]}|PEPTIDE1{[Mpa].R.[bAla].[A7]}$CHEM1,PEPTIDE1,1:R1-1:R3|CHEM1,PEPTIDE1,1:R2-4:R3$$$V2.0",3.427
GraphSAGE,2,"CHEM1{[[*]Cc1ccc(C[*])cc1 |$_R1;;;;;;;_R2;;$|]}|PEPTIDE1{[Mpa].[4CIF].[bhPro].[A4]}$CHEM1,PEPTIDE1,1:R1-1:R3|CHEM1,PEPTIDE1,1:R2-4:R3$$$V2.0",-5.869
GraphSAGE,2,"CHEM1{[[*]Cc1ccc(C[*])cc1 |$_R1;;;;;;;_R2;;$|]}|PEPTIDE1{[Mpa].[4CIF].[bAla].[A4]}$CHEM1,PEPTIDE1,1:R1-1:R3|CHEM1,PEPTIDE1,1:R2-4:R3$$$V2.0",-4.915
GraphSAGE,2,"CHEM1{[[*]Cc1cccc(C[*])n1 |$_R1;;;;;;;;_R2;$|]}|PEPTIDE1{[Mpa].[Thio].[bhPro].[Mea]}$CHEM1,PEPTIDE1,1:R1-1:R3|CHEM1,PEPTIDE1,1:R2-4:R3$$$V2.0",3.006
GraphSAGE,2,"CHEM1{[[*]Cc1cccc(C[*])n1 |$_R1;;;;;;;;_R2;$|]}|PEPTIDE1{[Mpa].[Thio].[4Amb].[A4]}$CHEM1,PEPTIDE1,1:R1-1:R3|CHEM1,PEPTIDE1,1:R2-4:R3$$$V2.0",4.768
GraphSAGE,2,"CHEM1{[[*]C/C=C/C[*] |$_R1;;;;;_R2$|]}|PEPTIDE1{[Mpa].[4CIF].[4Achc].[A2]}$CHEM1,PEPTIDE1,1:R1-1:R3|CHEM1,PEPTIDE1,1:R2-4:R3$$$V2.0",-4.624
GraphSAGE,2,"CHEM1{[[*]Cc1ccc(C[*])cc1 |$_R1;;;;;;;_R2;;$|]}|PEPTIDE1{[Mpa].[Thio].[2Amb].[Mea]}$CHEM1,PEPTIDE1,1:R1-1:R3|CHEM1,PEPTIDE1,1:R2-4:R3$$$V2.0",-3.425
GraphSAGE,2,"CHEM1{[[*]Cc1ccc(C[*])cc1 |$_R1;;;;;;;_R2;;$|]}|PEPTIDE1{[Mpa].R.[Acpc].[A2]}$CHEM1,PEPTIDE1,1:R1-1:R3|CHEM1,PEPTIDE1,1:R2-4:R3$$$V2.0",-3.258
GraphSAGE,2,"CHEM1{[[*]Cc1ccc(C[*])cc1 |$_R1;;;;;;;_R2;;$|]}|PEPTIDE1{[Mpa].[Thio].[4Amb].[A4]}$CHEM1,PEPTIDE1,1:R1-1:R3|CHEM1,PEPTIDE1,1:R2-4:R3$$$V2.0",2.297
GraphSAGE,2,"CHEM1{[[*]Cc1cccc(C[*])n1 |$_R1;;;;;;;;_R2;$|]}|PEPTIDE1{[Mpa].[Thio].[2Amb].[A4]}$CHEM1,PEPTIDE1,1:R1-1:R3|CHEM1,PEPTIDE1,1:R2-4:R3$$$V2.0",10.097
GraphSAGE,2,"CHEM1{[[*]Cc1ccc(C[*])cc1 |$_R1;;;;;;;_R2;;$|]}|PEPTIDE1{[Mpa].[Thio].[2Amb].[A4]}$CHEM1,PEPTIDE1,1:R1-1:R3|CHEM1,PEPTIDE1,1:R2-4:R3$$$V2.0",-3.714
GraphSAGE,2,"CHEM1{[[*]Cc1ccc(C[*])cc1 |$_R1;;;;;;;_R2;;$|]}|PEPTIDE1{[Mpa].R.[Ac3c].[A2]}$CHEM1,PEPTIDE1,1:R1-1:R3|CHEM1,PEPTIDE1,1:R2-4:R3$$$V2.0",-2.058
GraphSAGE,2,"CHEM1{[[*]Cc1ccc(C[*])cc1 |$_R1;;;;;;;_R2;;$|]}|PEPTIDE1{[Mpa].[4CIF].[A4]}$CHEM1,PEPTIDE1,1:R1-1:R3|CHEM1,PEPTIDE1,1:R2-3:R3$$$V2.0",-4.875
GraphSAGE,2,"CHEM1{[[*]Cc1cccc(C[*])n1 |$_R1;;;;;;;;_R2;$|]}|PEPTIDE1{[Mpa].R.[bhPro].[A2]}$CHEM1,PEPTIDE1,1:R1-1:R3|CHEM1,PEPTIDE1,1:R2-4:R3$$$V2.0",-2.938
GraphSAGE,2,"CHEM1{[[*]C/C=C/C[*] |$_R1;;;;;_R2$|]}|PEPTIDE1{[Mpa].R.[Ac3c].[A2]}$CHEM1,PEPTIDE1,1:R1-1:R3|CHEM1,PEPTIDE1,1:R2-4:R3$$$V2.0",2.379
GraphSAGE,2,"CHEM1{[[*]Cc1ccc(C[*])cc1 |$_R1;;;;;;;_R2;;$|]}|PEPTIDE1{[Mpa].[Acpc].[Thio].[Mea]}$CHEM1,PEPTIDE1,1:R1-1:R3|CHEM1,PEPTIDE1,1:R2-4:R3$$$V2.0",-2.507
GraphSAGE,2,"CHEM1{[[*]CC1=COC=C1(C[*]) |$_R1;;;;;;;;_R2;$|]}|PEPTIDE1{[Mpa].[Ac3c].[bhPro].[A2]}$CHEM1,PEPTIDE1,1:R1-1:R3|CHEM1,PEPTIDE1,1:R2-4:R3$$$V2.0",-3.738
GraphSAGE,2,"CHEM1{[[*]CC1=COC=C1(C[*]) |$_R1;;;;;;;;_R2;$|]}|PEPTIDE1{[Mpa].[Ac3c].[Acpc].[A2]}$CHEM1,PEPTIDE1,1:R1-1:R3|CHEM1,PEPTIDE1,1:R2-4:R3$$$V2.0",0.007
GraphSAGE,2,"CHEM1{[[*]C/C=C/C[*] |$_R1;;;;;_R2$|]}|PEPTIDE1{[Mpa].[4CIF].[4Amb].[A3]}$CHEM1,PEPTIDE1,1:R1-1:R3|CHEM1,PEPTIDE1,1:R2-4:R3$$$V2.0",-1.665
GraphSAGE,2,"CHEM1{[[*]CS(=O)(=O)C[*] |$_R1;;;;;;_R2$|]}|PEPTIDE1{[Mpa].[Thio].[2Amb].[Mea]}$CHEM1,PEPTIDE1,1:R1-1:R3|CHEM1,PEPTIDE1,1:R2-4:R3$$$V2.0",2.389
GraphSAGE,2,"CHEM1{[[*]Cc1ccc(C[*])cc1 |$_R1;;;;;;;_R2;;$|]}|PEPTIDE1{[Mpa].R.[bAla].[A2]}$CHEM1,PEPTIDE1,1:R1-1:R3|CHEM1,PEPTIDE1,1:R2-4:R3$$$V2.0",-3.54
GraphSAGE,2,"CHEM1{[[*]C/C=C/C[*] |$_R1;;;;;_R2$|]}|PEPTIDE1{[Mpa].R.[Acpc].[A2]}$CHEM1,PEPTIDE1,1:R1-1:R3|CHEM1,PEPTIDE1,1:R2-4:R3$$$V2.0",2.893
GraphSAGE,2,"CHEM1{[[*]C/C=C/C[*] |$_R1;;;;;_R2$|]}|PEPTIDE1{[Mpa].R.[Ac3c].[A7]}$CHEM1,PEPTIDE1,1:R1-1:R3|CHEM1,PEPTIDE1,1:R2-4:R3$$$V2.0",-2.13
GraphSAGE,2,"CHEM1{[[*]C/C=C/C[*] |$_R1;;;;;_R2$|]}|PEPTIDE1{[Mpa].[4CIF].[4Amb].[A5]}$CHEM1,PEPTIDE1,1:R1-1:R3|CHEM1,PEPTIDE1,1:R2-4:R3$$$V2.0",-3.942
GraphSAGE,2,"CHEM1{[[*]C/C=C/C[*] |$_R1;;;;;_R2$|]}|PEPTIDE1{[Mpa].R.[bhPro].[A3]}$CHEM1,PEPTIDE1,1:R1-1:R3|CHEM1,PEPTIDE1,1:R2-4:R3$$$V2.0",-2.658
GraphSAGE,2,"CHEM1{[[*]CC1=COC=C1(C[*]) |$_R1;;;;;;;;_R2;$|]}|PEPTIDE1{[Mpa].[Ac3c].[2Achc].[A7]}$CHEM1,PEPTIDE1,1:R1-1:R3|CHEM1,PEPTIDE1,1:R2-4:R3$$$V2.0",0.744
GraphSAGE,2,"CHEM1{[[*]Cc1ccc(C[*])cc1 |$_R1;;;;;;;_R2;;$|]}|PEPTIDE1{[Mpa].R.[bAla].[A4]}$CHEM1,PEPTIDE1,1:R1-1:R3|CHEM1,PEPTIDE1,1:R2-4:R3$$$V2.0",-3.435
GraphSAGE,2,"CHEM1{[[*]Cc1ccc(C[*])cc1 |$_R1;;;;;;;_R2;;$|]}|PEPTIDE1{[Mpa].[4CIF].[4Achc].[Mea]}$CHEM1,PEPTIDE1,1:R1-1:R3|CHEM1,PEPTIDE1,1:R2-4:R3$$$V2.0",-6.225
GraphSAGE,2,"CHEM1{[[*]Cc1ccc(C[*])cc1 |$_R1;;;;;;;_R2;;$|]}|PEPTIDE1{[Mpa].R.[Ac3c].[A6]}$CHEM1,PEPTIDE1,1:R1-1:R3|CHEM1,PEPTIDE1,1:R2-4:R3$$$V2.0",4.405
GraphSAGE,2,"CHEM1{[[*]Cc1ccc(C[*])cc1 |$_R1;;;;;;;_R2;;$|]}|PEPTIDE1{[Mpa].[Ac3c].[bhPro].[A6]}$CHEM1,PEPTIDE1,1:R1-1:R3|CHEM1,PEPTIDE1,1:R2-4:R3$$$V2.0",-3.763
GraphSAGE,2,"CHEM1{[[*]C/C=C/C[*] |$_R1;;;;;_R2$|]}|PEPTIDE1{[Mpa].R.[bAla].[Mea]}$CHEM1,PEPTIDE1,1:R1-1:R3|CHEM1,PEPTIDE1,1:R2-4:R3$$$V2.0",-1.547
GraphSAGE,2,"CHEM1{[[*]CC1=COC=C1(C[*]) |$_R1;;;;;;;;_R2;$|]}|PEPTIDE1{[Mpa].[Ac6c].[bhPro].[A2]}$CHEM1,PEPTIDE1,1:R1-1:R3|CHEM1,PEPTIDE1,1:R2-4:R3$$$V2.0",4.823
GraphSAGE,2,"CHEM1{[[*]C/C=C/C[*] |$_R1;;;;;_R2$|]}|PEPTIDE1{[Mpa].R.[bhPro].[A4]}$CHEM1,PEPTIDE1,1:R1-1:R3|CHEM1,PEPTIDE1,1:R2-4:R3$$$V2.0",-2.348
GraphSAGE,2,"CHEM1{[[*]CC1=COC=C1(C[*]) |$_R1;;;;;;;;_R2;$|]}|PEPTIDE1{[Mpa].[Ac3c].[Acpc].[A6]}$CHEM1,PEPTIDE1,1:R1-1:R3|CHEM1,PEPTIDE1,1:R2-4:R3$$$V2.0",-2.164
GraphSAGE,2,"CHEM1{[[*]CC(=O)C[*] |$_R1;;;;;_R2$|]}|PEPTIDE1{[Mpa].R.[bAla].[Mea]}$CHEM1,PEPTIDE1,1:R1-1:R3|CHEM1,PEPTIDE1,1:R2-4:R3$$$V2.0",-1.894
GraphSAGE,2,"CHEM1{[[*]CS(=O)(=O)C[*] |$_R1;;;;;;_R2$|]}|PEPTIDE1{[Mpa].[Thio].[4Amb].[Mea]}$CHEM1,PEPTIDE1,1:R1-1:R3|CHEM1,PEPTIDE1,1:R2-4:R3$$$V2.0",-0.125
GraphSAGE,2,"CHEM1{[[*]C/C=C/C[*] |$_R1;;;;;_R2$|]}|PEPTIDE1{[Mpa].R.[Ac3c].[Mea]}$CHEM1,PEPTIDE1,1:R1-1:R3|CHEM1,PEPTIDE1,1:R2-4:R3$$$V2.0",-2.517
GraphSAGE,2,"CHEM1{[[*]CC1=COC=C1(C[*]) |$_R1;;;;;;;;_R2;$|]}|PEPTIDE1{[Mpa].G.[bhPro].[A2]}$CHEM1,PEPTIDE1,1:R1-1:R3|CHEM1,PEPTIDE1,1:R2-4:R3$$$V2.0",-2.615
GraphSAGE,2,"CHEM1{[[*]C/C=C/C[*] |$_R1;;;;;_R2$|]}|PEPTIDE1{[Mpa].R.[Acpc].[A7]}$CHEM1,PEPTIDE1,1:R1-1:R3|CHEM1,PEPTIDE1,1:R2-4:R3$$$V2.0",-3.586
GraphSAGE,2,"CHEM1{[[*]CC(=O)C[*] |$_R1;;;;;_R2$|]}|PEPTIDE1{[Mpa].R.[Ac3c].[A2]}$CHEM1,PEPTIDE1,1:R1-1:R3|CHEM1,PEPTIDE1,1:R2-4:R3$$$V2.0",-2.068
GraphSAGE,2,"CHEM1{[[*]C/C=C/C[*] |$_R1;;;;;_R2$|]}|PEPTIDE1{[Mpa].[4CIF].[4Achc].[A3]}$CHEM1,PEPTIDE1,1:R1-1:R3|CHEM1,PEPTIDE1,1:R2-4:R3$$$V2.0",-2.886
GraphSAGE,2,"CHEM1{[[*]Cc1ccc(C[*])cc1 |$_R1;;;;;;;_R2;;$|]}|PEPTIDE1{[Mpa].[Thio].[Ac6c].[A2]}$CHEM1,PEPTIDE1,1:R1-1:R3|CHEM1,PEPTIDE1,1:R2-4:R3$$$V2.0",2.5
GraphSAGE,2,"CHEM1{[[*]Cc1ccc(C[*])cc1 |$_R1;;;;;;;_R2;;$|]}|PEPTIDE1{[Mpa].R.[Ac6c].[A6]}$CHEM1,PEPTIDE1,1:R1-1:R3|CHEM1,PEPTIDE1,1:R2-4:R3$$$V2.0",3.182
GraphSAGE,2,"CHEM1{[[*]CC1=COC=C1(C[*]) |$_R1;;;;;;;;_R2;$|]}|PEPTIDE1{[Mpa].R.[Acpc].[A2]}$CHEM1,PEPTIDE1,1:R1-1:R3|CHEM1,PEPTIDE1,1:R2-4:R3$$$V2.0",-2.672
GraphSAGE,2,"CHEM1{[[*]CC1=COC=C1(C[*]) |$_R1;;;;;;;;_R2;$|]}|PEPTIDE1{[Mpa].[Ac3c].[bhPro].[A6]}$CHEM1,PEPTIDE1,1:R1-1:R3|CHEM1,PEPTIDE1,1:R2-4:R3$$$V2.0",-0.487
GraphSAGE,2,"CHEM1{[[*]Cc1ccc(C[*])cc1 |$_R1;;;;;;;_R2;;$|]}|PEPTIDE1{[Mpa].R.[Ac6c].[A2]}$CHEM1,PEPTIDE1,1:R1-1:R3|CHEM1,PEPTIDE1,1:R2-4:R3$$$V2.0",-0.935
GraphSAGE,2,"CHEM1{[[*]Cc1ccc(C[*])cc1 |$_R1;;;;;;;_R2;;$|]}|PEPTIDE1{[Mpa].[4CIF].[Acpc].[Mea]}$CHEM1,PEPTIDE1,1:R1-1:R3|CHEM1,PEPTIDE1,1:R2-4:R3$$$V2.0",-4.951
GraphSAGE,2,"CHEM1{[[*]Cc1ccc(C[*])cc1 |$_R1;;;;;;;_R2;;$|]}|PEPTIDE1{[Mpa].[Ac3c].[bhPro].[A2]}$CHEM1,PEPTIDE1,1:R1-1:R3|CHEM1,PEPTIDE1,1:R2-4:R3$$$V2.0",-4.216
GraphSAGE,2,"CHEM1{[[*]C/C=C/C[*] |$_R1;;;;;_R2$|]}|PEPTIDE1{[Mpa].R.[Ac3c].[A5]}$CHEM1,PEPTIDE1,1:R1-1:R3|CHEM1,PEPTIDE1,1:R2-4:R3$$$V2.0",3.967
GraphSAGE,2,"CHEM1{[[*]Cc1nc2ccccc2nc1(C[*]) |$_R1;;;;;;;;;;;;;_R2;$|]}|PEPTIDE1{[Mpa].[4CIF].[4Amb].[Mea]}$CHEM1,PEPTIDE1,1:R1-1:R3|CHEM1,PEPTIDE1,1:R2-4:R3$$$V2.0",24.296
GraphSAGE,2,"CHEM1{[[*]Cc1cccc(C[*])n1 |$_R1;;;;;;;;_R2;$|]}|PEPTIDE1{[Mpa].[Thio].[2Amb].[Mea]}$CHEM1,PEPTIDE1,1:R1-1:R3|CHEM1,PEPTIDE1,1:R2-4:R3$$$V2.0",1.58
GraphSAGE,2,"CHEM1{[[*]C/C=C/C[*] |$_R1;;;;;_R2$|]}|PEPTIDE1{[Mpa].R.[Ac6c].[A6]}$CHEM1,PEPTIDE1,1:R1-1:R3|CHEM1,PEPTIDE1,1:R2-4:R3$$$V2.0",4.287
GraphSAGE,2,"CHEM1{[[*]Cc1ccc(C[*])cc1 |$_R1;;;;;;;_R2;;$|]}|PEPTIDE1{[Mpa].R.[bAla].[Mea]}$CHEM1,PEPTIDE1,1:R1-1:R3|CHEM1,PEPTIDE1,1:R2-4:R3$$$V2.0",-0.48
GraphSAGE,2,"CHEM1{[[*]Cc1ccc(C[*])cc1 |$_R1;;;;;;;_R2;;$|]}|PEPTIDE1{[Mpa].[4CIF].[bAla].[A6]}$CHEM1,PEPTIDE1,1:R1-1:R3|CHEM1,PEPTIDE1,1:R2-4:R3$$$V2.0",-5.626
GraphSAGE,2,"CHEM1{[[*]Cc1cccc(C[*])n1 |$_R1;;;;;;;;_R2;$|]}|PEPTIDE1{[Mpa].[Thio].[dPip].[A2]}$CHEM1,PEPTIDE1,1:R1-1:R3|CHEM1,PEPTIDE1,1:R2-4:R3$$$V2.0",-2.394
GraphSAGE,2,"CHEM1{[[*]Cc1cccc(C[*])n1 |$_R1;;;;;;;;_R2;$|]}|PEPTIDE1{[Mpa].[Thio].P.[A2]}$CHEM1,PEPTIDE1,1:R1-1:R3|CHEM1,PEPTIDE1,1:R2-4:R3$$$V2.0",0.085
GraphSAGE,2,"CHEM1{[[*]Cc1cccc(C[*])n1 |$_R1;;;;;;;;_R2;$|]}|PEPTIDE1{[Mpa].[Thio].[dP].[A2]}$CHEM1,PEPTIDE1,1:R1-1:R3|CHEM1,PEPTIDE1,1:R2-4:R3$$$V2.0",-3.656
GraphSAGE,2,"CHEM1{[[*]Cc1cccc(C[*])n1 |$_R1;;;;;;;;_R2;$|]}|PEPTIDE1{[Mpa].[Thio].[Acpc].[A4]}$CHEM1,PEPTIDE1,1:R1-1:R3|CHEM1,PEPTIDE1,1:R2-4:R3$$$V2.0",-0.815
GraphSAGE,2,"CHEM1{[[*]Cc1ccc(C[*])cc1 |$_R1;;;;;;;_R2;;$|]}|PEPTIDE1{[Mpa].[Ac6c].[bhPro].[A2]}$CHEM1,PEPTIDE1,1:R1-1:R3|CHEM1,PEPTIDE1,1:R2-4:R3$$$V2.0",-3.21
GraphSAGE,2,"CHEM1{[[*]CC(=O)C[*] |$_R1;;;;;_R2$|]}|PEPTIDE1{[Mpa].R.[bAla].[A2]}$CHEM1,PEPTIDE1,1:R1-1:R3|CHEM1,PEPTIDE1,1:R2-4:R3$$$V2.0",-3.655
GraphSAGE,2,"CHEM1{[[*]Cc1cccc(C[*])n1 |$_R1;;;;;;;;_R2;$|]}|PEPTIDE1{[Mpa].[4CIF].[4Achc].[A4]}$CHEM1,PEPTIDE1,1:R1-1:R3|CHEM1,PEPTIDE1,1:R2-4:R3$$$V2.0",-3.381
GraphSAGE,2,"CHEM1{[[*]Cc1ccc(C[*])cc1 |$_R1;;;;;;;_R2;;$|]}|PEPTIDE1{[Mpa].[4CIF].G.[A4]}$CHEM1,PEPTIDE1,1:R1-1:R3|CHEM1,PEPTIDE1,1:R2-4:R3$$$V2.0",-4.519
GraphSAGE,2,"CHEM1{[[*]CC1=COC=C1(C[*]) |$_R1;;;;;;;;_R2;$|]}|PEPTIDE1{[Mpa].G.[2Achc].[A2]}$CHEM1,PEPTIDE1,1:R1-1:R3|CHEM1,PEPTIDE1,1:R2-4:R3$$$V2.0",-2.803
GraphSAGE,2,"CHEM1{[[*]Cc1ccc(C[*])cc1 |$_R1;;;;;;;_R2;;$|]}|PEPTIDE1{[Mpa].R.[Ac3c].[Mea]}$CHEM1,PEPTIDE1,1:R1-1:R3|CHEM1,PEPTIDE1,1:R2-4:R3$$$V2.0",0.592
GraphSAGE,3,"CHEM1{[[*]Cc1cccc(C[*])n1 |$_R1;;;;;;;;_R2;$|]}|PEPTIDE1{[Mpa].[4CIF].[A3]}$CHEM1,PEPTIDE1,1:R1-1:R3|CHEM1,PEPTIDE1,1:R2-3:R3$$$V2.0",-4.658
GraphSAGE,3,"CHEM1{[[*]Cc1ccc(C[*])cc1 |$_R1;;;;;;;_R2;;$|]}|PEPTIDE1{[Mpa].[4CIF].[Trx].[A2]}$CHEM1,PEPTIDE1,1:R1-1:R3|CHEM1,PEPTIDE1,1:R2-4:R3$$$V2.0",-6.183
GraphSAGE,3,"CHEM1{[[*]Cc1ccc(C[*])cc1 |$_R1;;;;;;;_R2;;$|]}|PEPTIDE1{[Mpa].[4CIF].[Nip].[A2]}$CHEM1,PEPTIDE1,1:R1-1:R3|CHEM1,PEPTIDE1,1:R2-4:R3$$$V2.0",-4.259
GraphSAGE,3,"CHEM1{[[*]Cc1ccc(C[*])cc1 |$_R1;;;;;;;_R2;;$|]}|PEPTIDE1{[Mpa].[4CIF].[dNip].[A2]}$CHEM1,PEPTIDE1,1:R1-1:R3|CHEM1,PEPTIDE1,1:R2-4:R3$$$V2.0",-6.021
GraphSAGE,3,"CHEM1{[[*]Cc1cccc(C[*])n1 |$_R1;;;;;;;;_R2;$|]}|PEPTIDE1{[Mpa].[4CIF].[A6]}$CHEM1,PEPTIDE1,1:R1-1:R3|CHEM1,PEPTIDE1,1:R2-3:R3$$$V2.0",-5.495
GraphSAGE,3,"CHEM1{[[*]C/C=C/C[*] |$_R1;;;;;_R2$|]}|PEPTIDE1{[Mpa].[4CIF].[A5]}$CHEM1,PEPTIDE1,1:R1-1:R3|CHEM1,PEPTIDE1,1:R2-3:R3$$$V2.0",-4.418
GraphSAGE,3,"CHEM1{[[*]Cc1cccc(C[*])n1 |$_R1;;;;;;;;_R2;$|]}|PEPTIDE1{[Mpa].[4CIF].[A5]}$CHEM1,PEPTIDE1,1:R1-1:R3|CHEM1,PEPTIDE1,1:R2-3:R3$$$V2.0",-5.242
GraphSAGE,3,"CHEM1{[[*]Cc1ccc(C[*])cc1 |$_R1;;;;;;;_R2;;$|]}|PEPTIDE1{[Mpa].[4CIF].[Trx].[A3]}$CHEM1,PEPTIDE1,1:R1-1:R3|CHEM1,PEPTIDE1,1:R2-4:R3$$$V2.0",-4.477
GraphSAGE,3,"CHEM1{[[*]C/C=C/C[*] |$_R1;;;;;_R2$|]}|PEPTIDE1{[Mpa].[4CIF].[Nip].[A2]}$CHEM1,PEPTIDE1,1:R1-1:R3|CHEM1,PEPTIDE1,1:R2-4:R3$$$V2.0",-5.472
GraphSAGE,3,"CHEM1{[[*]C/C=C/C[*] |$_R1;;;;;_R2$|]}|PEPTIDE1{[Mpa].[4CIF].[dNip].[A2]}$CHEM1,PEPTIDE1,1:R1-1:R3|CHEM1,PEPTIDE1,1:R2-4:R3$$$V2.0",-4.569
GraphSAGE,3,"CHEM1{[[*]C/C=C/C[*] |$_R1;;;;;_R2$|]}|PEPTIDE1{[Mpa].[4CIF].[dNip].[A6]}$CHEM1,PEPTIDE1,1:R1-1:R3|CHEM1,PEPTIDE1,1:R2-4:R3$$$V2.0",-4.45
GraphSAGE,3,"CHEM1{[[*]C/C=C/C[*] |$_R1;;;;;_R2$|]}|PEPTIDE1{[Mpa].[4CIF].[Nip].[A6]}$CHEM1,PEPTIDE1,1:R1-1:R3|CHEM1,PEPTIDE1,1:R2-4:R3$$$V2.0",-3.755
GraphSAGE,3,"CHEM1{[[*]Cc1ccc(C[*])cc1 |$_R1;;;;;;;_R2;;$|]}|PEPTIDE1{[Mpa].[4CIF].[A2]}$CHEM1,PEPTIDE1,1:R1-1:R3|CHEM1,PEPTIDE1,1:R2-3:R3$$$V2.0",-4.489
GraphSAGE,3,"CHEM1{[[*]Cc1ccc(C[*])cc1 |$_R1;;;;;;;_R2;;$|]}|PEPTIDE1{[Mpa].[4CIF].[dNip].[A6]}$CHEM1,PEPTIDE1,1:R1-1:R3|CHEM1,PEPTIDE1,1:R2-4:R3$$$V2.0",-5.367
GraphSAGE,3,"CHEM1{[[*]Cc1ccc(C[*])cc1 |$_R1;;;;;;;_R2;;$|]}|PEPTIDE1{[Mpa].[4CIF].[Nip].[A6]}$CHEM1,PEPTIDE1,1:R1-1:R3|CHEM1,PEPTIDE1,1:R2-4:R3$$$V2.0",-4.507
GraphSAGE,3,"CHEM1{[[*]Cc1ccc(C[*])cc1 |$_R1;;;;;;;_R2;;$|]}|PEPTIDE1{[Mpa].[4CIF].[2Amb].[A6]}$CHEM1,PEPTIDE1,1:R1-1:R3|CHEM1,PEPTIDE1,1:R2-4:R3$$$V2.0",-6.521
GraphSAGE,3,"CHEM1{[[*]Cc1ccc(C[*])cc1 |$_R1;;;;;;;_R2;;$|]}|PEPTIDE1{[Mpa].[4CIF].[4Achc].[A2]}$CHEM1,PEPTIDE1,1:R1-1:R3|CHEM1,PEPTIDE1,1:R2-4:R3$$$V2.0",-6.157
GraphSAGE,3,"CHEM1{[[*]C/C=C/C[*] |$_R1;;;;;_R2$|]}|PEPTIDE1{[Mpa].[4CIF].[2Amb].[A6]}$CHEM1,PEPTIDE1,1:R1-1:R3|CHEM1,PEPTIDE1,1:R2-4:R3$$$V2.0",-4.031
GraphSAGE,3,"CHEM1{[[*]Cc1ccc(C[*])cc1 |$_R1;;;;;;;_R2;;$|]}|PEPTIDE1{[Mpa].[4CIF].[A6]}$CHEM1,PEPTIDE1,1:R1-1:R3|CHEM1,PEPTIDE1,1:R2-3:R3$$$V2.0",-4.791
GraphSAGE,3,"CHEM1{[[*]Cc1ccc(C[*])cc1 |$_R1;;;;;;;_R2;;$|]}|PEPTIDE1{[Mpa].[4CIF].[Trx].[A6]}$CHEM1,PEPTIDE1,1:R1-1:R3|CHEM1,PEPTIDE1,1:R2-4:R3$$$V2.0",-3.84
GraphSAGE,3,"CHEM1{[[*]C/C=C/C[*] |$_R1;;;;;_R2$|]}|PEPTIDE1{[Mpa].[4CIF].[Acpc].[A7]}$CHEM1,PEPTIDE1,1:R1-1:R3|CHEM1,PEPTIDE1,1:R2-4:R3$$$V2.0",-1.643
GraphSAGE,3,"CHEM1{[[*]C/C=C/C[*] |$_R1;;;;;_R2$|]}|PEPTIDE1{[Mpa].[4CIF].[Nip].[A5]}$CHEM1,PEPTIDE1,1:R1-1:R3|CHEM1,PEPTIDE1,1:R2-4:R3$$$V2.0",-4.975
GraphSAGE,3,"CHEM1{[[*]C/C=C/C[*] |$_R1;;;;;_R2$|]}|PEPTIDE1{[Mpa].[4CIF].[dNip].[A5]}$CHEM1,PEPTIDE1,1:R1-1:R3|CHEM1,PEPTIDE1,1:R2-4:R3$$$V2.0",-5.855
GraphSAGE,3,"CHEM1{[[*]CS(=O)(=O)C[*] |$_R1;;;;;;_R2$|]}|PEPTIDE1{[Mpa].[4CIF].[Acpc].[A2]}$CHEM1,PEPTIDE1,1:R1-1:R3|CHEM1,PEPTIDE1,1:R2-4:R3$$$V2.0",-4.211
GraphSAGE,3,"CHEM1{[[*]C/C=C/C[*] |$_R1;;;;;_R2$|]}|PEPTIDE1{[Mpa].[4CIF].R.[A6]}$CHEM1,PEPTIDE1,1:R1-1:R3|CHEM1,PEPTIDE1,1:R2-4:R3$$$V2.0",-4.096
GraphSAGE,3,"CHEM1{[[*]C/C=C/C[*] |$_R1;;;;;_R2$|]}|PEPTIDE1{[Mpa].[4CIF].[A3]}$CHEM1,PEPTIDE1,1:R1-1:R3|CHEM1,PEPTIDE1,1:R2-3:R3$$$V2.0",-3.968
GraphSAGE,3,"CHEM1{[[*]Cc1ccc(C[*])cc1 |$_R1;;;;;;;_R2;;$|]}|PEPTIDE1{[Mpa].[4CIF].[Mea]}$CHEM1,PEPTIDE1,1:R1-1:R3|CHEM1,PEPTIDE1,1:R2-3:R3$$$V2.0",-3.692
GraphSAGE,3,"CHEM1{[[*]C/C=C/C[*] |$_R1;;;;;_R2$|]}|PEPTIDE1{[Mpa].[4CIF].[Nip].[A3]}$CHEM1,PEPTIDE1,1:R1-1:R3|CHEM1,PEPTIDE1,1:R2-4:R3$$$V2.0",-3.155
GraphSAGE,3,"CHEM1{[[*]C/C=C/C[*] |$_R1;;;;;_R2$|]}|PEPTIDE1{[Mpa].[4CIF].[dNip].[A3]}$CHEM1,PEPTIDE1,1:R1-1:R3|CHEM1,PEPTIDE1,1:R2-4:R3$$$V2.0",-2.639
GraphSAGE,3,"CHEM1{[[*]Cc1ccc(C[*])cc1 |$_R1;;;;;;;_R2;;$|]}|PEPTIDE1{[Mpa].[4CIF].[Trx].[A4]}$CHEM1,PEPTIDE1,1:R1-1:R3|CHEM1,PEPTIDE1,1:R2-4:R3$$$V2.0",-3.827
GraphSAGE,3,"CHEM1{[[*]Cc1cccc(C[*])n1 |$_R1;;;;;;;;_R2;$|]}|PEPTIDE1{[Mpa].[4CIF].[Trx].[A2]}$CHEM1,PEPTIDE1,1:R1-1:R3|CHEM1,PEPTIDE1,1:R2-4:R3$$$V2.0",-1.258
GraphSAGE,3,"CHEM1{[[*]Cc1ccc(C[*])cc1 |$_R1;;;;;;;_R2;;$|]}|PEPTIDE1{[Mpa].[4CIF].[Trx].[Mea]}$CHEM1,PEPTIDE1,1:R1-1:R3|CHEM1,PEPTIDE1,1:R2-4:R3$$$V2.0",-5.729
GraphSAGE,3,"CHEM1{[[*]Cc1ccc(C[*])cc1 |$_R1;;;;;;;_R2;;$|]}|PEPTIDE1{[Mpa].[4CIF].[dP].[A4]}$CHEM1,PEPTIDE1,1:R1-1:R3|CHEM1,PEPTIDE1,1:R2-4:R3$$$V2.0",-5.138
GraphSAGE,3,"CHEM1{[[*]Cc1ccc(C[*])cc1 |$_R1;;;;;;;_R2;;$|]}|PEPTIDE1{[Mpa].[4CIF].P.[A4]}$CHEM1,PEPTIDE1,1:R1-1:R3|CHEM1,PEPTIDE1,1:R2-4:R3$$$V2.0",-2.848
GraphSAGE,3,"CHEM1{[[*]C/C=C/C[*] |$_R1;;;;;_R2$|]}|PEPTIDE1{[Mpa].[4CIF].G.[A7]}$CHEM1,PEPTIDE1,1:R1-1:R3|CHEM1,PEPTIDE1,1:R2-4:R3$$$V2.0",-1.932
GraphSAGE,3,"CHEM1{[[*]C/C=C/C[*] |$_R1;;;;;_R2$|]}|PEPTIDE1{[Mpa].[4CIF].G.[A6]}$CHEM1,PEPTIDE1,1:R1-1:R3|CHEM1,PEPTIDE1,1:R2-4:R3$$$V2.0",-1.218
GraphSAGE,3,"CHEM1{[[*]Cc1ccc(C[*])cc1 |$_R1;;;;;;;_R2;;$|]}|PEPTIDE1{[Mpa].[4CIF].R.[A4]}$CHEM1,PEPTIDE1,1:R1-1:R3|CHEM1,PEPTIDE1,1:R2-4:R3$$$V2.0",-5.267
GraphSAGE,3,"CHEM1{[[*]C/C=C/C[*] |$_R1;;;;;_R2$|]}|PEPTIDE1{[Mpa].[4CIF].R.[A7]}$CHEM1,PEPTIDE1,1:R1-1:R3|CHEM1,PEPTIDE1,1:R2-4:R3$$$V2.0",-2.432
GraphSAGE,3,"CHEM1{[[*]Cc1cccc(C[*])n1 |$_R1;;;;;;;;_R2;$|]}|PEPTIDE1{[Mpa].[4CIF].[A7]}$CHEM1,PEPTIDE1,1:R1-1:R3|CHEM1,PEPTIDE1,1:R2-3:R3$$$V2.0",-4.337
GraphSAGE,3,"CHEM1{[[*]Cc1ccc(C[*])cc1 |$_R1;;;;;;;_R2;;$|]}|PEPTIDE1{[Mpa].[2Achc].[Trx].[A2]}$CHEM1,PEPTIDE1,1:R1-1:R3|CHEM1,PEPTIDE1,1:R2-4:R3$$$V2.0",47.044
GraphSAGE,3,"CHEM1{[[*]Cc1ccc(C[*])cc1 |$_R1;;;;;;;_R2;;$|]}|PEPTIDE1{[Mpa].[4CIF].[Amcp].[A3]}$CHEM1,PEPTIDE1,1:R1-1:R3|CHEM1,PEPTIDE1,1:R2-4:R3$$$V2.0",-4.506
GraphSAGE,3,"CHEM1{[[*]Cc1ccc(C[*])cc1 |$_R1;;;;;;;_R2;;$|]}|PEPTIDE1{[Mpa].[4CIF].G.[A2]}$CHEM1,PEPTIDE1,1:R1-1:R3|CHEM1,PEPTIDE1,1:R2-4:R3$$$V2.0",-3.47
GraphSAGE,3,"CHEM1{[[*]C/C=C/C[*] |$_R1;;;;;_R2$|]}|PEPTIDE1{[Mpa].[4CIF].[2Amb].[A5]}$CHEM1,PEPTIDE1,1:R1-1:R3|CHEM1,PEPTIDE1,1:R2-4:R3$$$V2.0",-4.572
GraphSAGE,3,"CHEM1{[[*]CS(=O)(=O)C[*] |$_R1;;;;;;_R2$|]}|PEPTIDE1{[Mpa].G.[bhPro].[A3]}$CHEM1,PEPTIDE1,1:R1-1:R3|CHEM1,PEPTIDE1,1:R2-4:R3$$$V2.0",3.703
GraphSAGE,3,"CHEM1{[[*]Cc1ccc(C[*])cc1 |$_R1;;;;;;;_R2;;$|]}|PEPTIDE1{[Mpa].[Ac3c].[2Achc].[A2]}$CHEM1,PEPTIDE1,1:R1-1:R3|CHEM1,PEPTIDE1,1:R2-4:R3$$$V2.0",-4.958
GraphSAGE,3,"CHEM1{[[*]C/C=C/C[*] |$_R1;;;;;_R2$|]}|PEPTIDE1{[Mpa].[4CIF].[Trx].[A2]}$CHEM1,PEPTIDE1,1:R1-1:R3|CHEM1,PEPTIDE1,1:R2-4:R3$$$V2.0",17.141
GraphSAGE,3,"CHEM1{[[*]C/C=C/C[*] |$_R1;;;;;_R2$|]}|PEPTIDE1{[Mpa].[4CIF].[Ac3c].[A7]}$CHEM1,PEPTIDE1,1:R1-1:R3|CHEM1,PEPTIDE1,1:R2-4:R3$$$V2.0",-0.699
GraphSAGE,3,"CHEM1{[[*]C/C=C/C[*] |$_R1;;;;;_R2$|]}|PEPTIDE1{[Mpa].[4CIF].[2Achc].[A7]}$CHEM1,PEPTIDE1,1:R1-1:R3|CHEM1,PEPTIDE1,1:R2-4:R3$$$V2.0",-1.263
GraphSAGE,3,"CHEM1{[[*]Cc1ccc(C[*])cc1 |$_R1;;;;;;;_R2;;$|]}|PEPTIDE1{[Mpa].[4CIF].[Aze].[A4]}$CHEM1,PEPTIDE1,1:R1-1:R3|CHEM1,PEPTIDE1,1:R2-4:R3$$$V2.0",-5.546
GraphSAGE,3,"CHEM1{[[*]C/C=C/C[*] |$_R1;;;;;_R2$|]}|PEPTIDE1{[Mpa].[4CIF].[Trx].[A3]}$CHEM1,PEPTIDE1,1:R1-1:R3|CHEM1,PEPTIDE1,1:R2-4:R3$$$V2.0",-1.069
GraphSAGE,3,"CHEM1{[[*]Cc1ccc(C[*])cc1 |$_R1;;;;;;;_R2;;$|]}|PEPTIDE1{[Mpa].[4CIF].[dNip].[A3]}$CHEM1,PEPTIDE1,1:R1-1:R3|CHEM1,PEPTIDE1,1:R2-4:R3$$$V2.0",-3.619
GraphSAGE,3,"CHEM1{[[*]Cc1ccc(C[*])cc1 |$_R1;;;;;;;_R2;;$|]}|PEPTIDE1{[Mpa].[4CIF].[Nip].[A3]}$CHEM1,PEPTIDE1,1:R1-1:R3|CHEM1,PEPTIDE1,1:R2-4:R3$$$V2.0",-3.047
GraphSAGE,3,"CHEM1{[[*]CS(=O)(=O)C[*] |$_R1;;;;;;_R2$|]}|PEPTIDE1{[Mpa].[Ac3c].[2Achc].[A2]}$CHEM1,PEPTIDE1,1:R1-1:R3|CHEM1,PEPTIDE1,1:R2-4:R3$$$V2.0",-2.149
GraphSAGE,3,"CHEM1{[[*]Cc1ccc(C[*])cc1 |$_R1;;;;;;;_R2;;$|]}|PEPTIDE1{[Mpa].[4CIF].[Amcp].[A6]}$CHEM1,PEPTIDE1,1:R1-1:R3|CHEM1,PEPTIDE1,1:R2-4:R3$$$V2.0",-4.019
GraphSAGE,3,"CHEM1{[[*]Cc1ccc(C[*])cc1 |$_R1;;;;;;;_R2;;$|]}|PEPTIDE1{[Mpa].[Ac3c].[4Achc].[A2]}$CHEM1,PEPTIDE1,1:R1-1:R3|CHEM1,PEPTIDE1,1:R2-4:R3$$$V2.0",-4.488
GraphSAGE,3,"CHEM1{[[*]C/C=C/C[*] |$_R1;;;;;_R2$|]}|PEPTIDE1{[Mpa].[4CIF].[2Amb].[A2]}$CHEM1,PEPTIDE1,1:R1-1:R3|CHEM1,PEPTIDE1,1:R2-4:R3$$$V2.0",-4.326
GraphSAGE,3,"CHEM1{[[*]C/C=C/C[*] |$_R1;;;;;_R2$|]}|PEPTIDE1{[Mpa].[4CIF].[dNip].[A7]}$CHEM1,PEPTIDE1,1:R1-1:R3|CHEM1,PEPTIDE1,1:R2-4:R3$$$V2.0",-3.495
GraphSAGE,3,"CHEM1{[[*]C/C=C/C[*] |$_R1;;;;;_R2$|]}|PEPTIDE1{[Mpa].[4CIF].[Nip].[A7]}$CHEM1,PEPTIDE1,1:R1-1:R3|CHEM1,PEPTIDE1,1:R2-4:R3$$$V2.0",-3.602
GraphSAGE,3,"CHEM1{[[*]CS(=O)(=O)C[*] |$_R1;;;;;;_R2$|]}|PEPTIDE1{[Mpa].G.[bAla].[A3]}$CHEM1,PEPTIDE1,1:R1-1:R3|CHEM1,PEPTIDE1,1:R2-4:R3$$$V2.0",-1.855
GraphSAGE,3,"CHEM1{[[*]Cc1ccc(C[*])cc1 |$_R1;;;;;;;_R2;;$|]}|PEPTIDE1{[Mpa].[4CIF].[dPip].[A4]}$CHEM1,PEPTIDE1,1:R1-1:R3|CHEM1,PEPTIDE1,1:R2-4:R3$$$V2.0",-4.557
GraphSAGE,3,"CHEM1{[[*]C/C=C/C[*] |$_R1;;;;;_R2$|]}|PEPTIDE1{[Mpa].[4CIF].[2Amb].[A3]}$CHEM1,PEPTIDE1,1:R1-1:R3|CHEM1,PEPTIDE1,1:R2-4:R3$$$V2.0",-3.866
GraphSAGE,3,"CHEM1{[[*]Cc1ccc(C[*])cc1 |$_R1;;;;;;;_R2;;$|]}|PEPTIDE1{[Mpa].[4CIF].[Amcp].[A2]}$CHEM1,PEPTIDE1,1:R1-1:R3|CHEM1,PEPTIDE1,1:R2-4:R3$$$V2.0",-4.89
GraphSAGE,3,"CHEM1{[[*]Cc1ccc(C[*])cc1 |$_R1;;;;;;;_R2;;$|]}|PEPTIDE1{[Mpa].[4CIF].[APipAc].[A2]}$CHEM1,PEPTIDE1,1:R1-1:R3|CHEM1,PEPTIDE1,1:R2-4:R3$$$V2.0",-6.07
GraphSAGE,3,"CHEM1{[[*]CS(=O)(=O)C[*] |$_R1;;;;;;_R2$|]}|PEPTIDE1{[Mpa].G.[bhPro].[A2]}$CHEM1,PEPTIDE1,1:R1-1:R3|CHEM1,PEPTIDE1,1:R2-4:R3$$$V2.0",-0.785
GraphSAGE,3,"CHEM1{[[*]Cc1ccc(C[*])cc1 |$_R1;;;;;;;_R2;;$|]}|PEPTIDE1{[Mpa].[4CIF].[dNip].[Mea]}$CHEM1,PEPTIDE1,1:R1-1:R3|CHEM1,PEPTIDE1,1:R2-4:R3$$$V2.0",-4.707
GraphSAGE,3,"CHEM1{[[*]Cc1ccc(C[*])cc1 |$_R1;;;;;;;_R2;;$|]}|PEPTIDE1{[Mpa].[4CIF].[Nip].[Mea]}$CHEM1,PEPTIDE1,1:R1-1:R3|CHEM1,PEPTIDE1,1:R2-4:R3$$$V2.0",-5.189
GraphSAGE,3,"CHEM1{[[*]C/C=C/C[*] |$_R1;;;;;_R2$|]}|PEPTIDE1{[Mpa].[4CIF].[Trx].[A5]}$CHEM1,PEPTIDE1,1:R1-1:R3|CHEM1,PEPTIDE1,1:R2-4:R3$$$V2.0",-2.026
GraphSAGE,3,"CHEM1{[[*]C/C=C/C[*] |$_R1;;;;;_R2$|]}|PEPTIDE1{[Mpa].[4CIF].[2Amb].[Mea]}$CHEM1,PEPTIDE1,1:R1-1:R3|CHEM1,PEPTIDE1,1:R2-4:R3$$$V2.0",-4.153
GraphSAGE,3,"CHEM1{[[*]Cc1ccc(C[*])cc1 |$_R1;;;;;;;_R2;;$|]}|PEPTIDE1{[Mpa].[Ac3c].[4Achc].[A4]}$CHEM1,PEPTIDE1,1:R1-1:R3|CHEM1,PEPTIDE1,1:R2-4:R3$$$V2.0",-5.373
GraphSAGE,3,"CHEM1{[[*]Cc1cccc(C[*])n1 |$_R1;;;;;;;;_R2;$|]}|PEPTIDE1{[Mpa].G.[bhPro].[A2]}$CHEM1,PEPTIDE1,1:R1-1:R3|CHEM1,PEPTIDE1,1:R2-4:R3$$$V2.0",-3.762
GraphSAGE,3,"CHEM1{[[*]Cc1cccc(C[*])n1 |$_R1;;;;;;;;_R2;$|]}|PEPTIDE1{[Mpa].[4CIF].[Trx].[A6]}$CHEM1,PEPTIDE1,1:R1-1:R3|CHEM1,PEPTIDE1,1:R2-4:R3$$$V2.0",-2.587
GraphSAGE,3,"CHEM1{[[*]C/C=C/C[*] |$_R1;;;;;_R2$|]}|PEPTIDE1{[Mpa].[4CIF].[Trx].[A7]}$CHEM1,PEPTIDE1,1:R1-1:R3|CHEM1,PEPTIDE1,1:R2-4:R3$$$V2.0",1.286
GraphSAGE,3,"CHEM1{[[*]Cc1ccc(C[*])cc1 |$_R1;;;;;;;_R2;;$|]}|PEPTIDE1{[Mpa].[Acpc].R.[A7]}$CHEM1,PEPTIDE1,1:R1-1:R3|CHEM1,PEPTIDE1,1:R2-4:R3$$$V2.0",-1.222
GraphSAGE,3,"CHEM1{[[*]Cc1ccc(C[*])cc1 |$_R1;;;;;;;_R2;;$|]}|PEPTIDE1{[Mpa].[Ac3c].[2Achc].[A4]}$CHEM1,PEPTIDE1,1:R1-1:R3|CHEM1,PEPTIDE1,1:R2-4:R3$$$V2.0",-3.571
GraphSAGE,3,"CHEM1{[[*]CS(=O)(=O)C[*] |$_R1;;;;;;_R2$|]}|PEPTIDE1{[Mpa].[Ac3c].[4Achc].[Mea]}$CHEM1,PEPTIDE1,1:R1-1:R3|CHEM1,PEPTIDE1,1:R2-4:R3$$$V2.0",-3.037
GraphSAGE,3,"CHEM1{[[*]CS(=O)(=O)C[*] |$_R1;;;;;;_R2$|]}|PEPTIDE1{[Mpa].[4CIF].[Nip].[A2]}$CHEM1,PEPTIDE1,1:R1-1:R3|CHEM1,PEPTIDE1,1:R2-4:R3$$$V2.0",-0.898
GraphSAGE,3,"CHEM1{[[*]CS(=O)(=O)C[*] |$_R1;;;;;;_R2$|]}|PEPTIDE1{[Mpa].[4CIF].[dNip].[A2]}$CHEM1,PEPTIDE1,1:R1-1:R3|CHEM1,PEPTIDE1,1:R2-4:R3$$$V2.0",-2.692
GraphSAGE,3,"CHEM1{[[*]C/C=C/C[*] |$_R1;;;;;_R2$|]}|PEPTIDE1{[Mpa].[4CIF].[Ac3c].[A6]}$CHEM1,PEPTIDE1,1:R1-1:R3|CHEM1,PEPTIDE1,1:R2-4:R3$$$V2.0",-0.459
GraphSAGE,3,"CHEM1{[[*]Cc1ccc(C[*])cc1 |$_R1;;;;;;;_R2;;$|]}|PEPTIDE1{[Mpa].[Acpc].[dPip].[A6]}$CHEM1,PEPTIDE1,1:R1-1:R3|CHEM1,PEPTIDE1,1:R2-4:R3$$$V2.0",-3.067
GraphSAGE,3,"CHEM1{[[*]CS(=O)(=O)C[*] |$_R1;;;;;;_R2$|]}|PEPTIDE1{[Mpa].[Ac3c].[2Achc].[A5]}$CHEM1,PEPTIDE1,1:R1-1:R3|CHEM1,PEPTIDE1,1:R2-4:R3$$$V2.0",-0.663
GraphSAGE,3,"CHEM1{[[*]C/C=C/C[*] |$_R1;;;;;_R2$|]}|PEPTIDE1{[Mpa].[4CIF].[Nip].[Mea]}$CHEM1,PEPTIDE1,1:R1-1:R3|CHEM1,PEPTIDE1,1:R2-4:R3$$$V2.0",-4.785
GraphSAGE,3,"CHEM1{[[*]C/C=C/C[*] |$_R1;;;;;_R2$|]}|PEPTIDE1{[Mpa].[4CIF].[dNip].[Mea]}$CHEM1,PEPTIDE1,1:R1-1:R3|CHEM1,PEPTIDE1,1:R2-4:R3$$$V2.0",-5.474
GraphSAGE,3,"CHEM1{[[*]Cc1cccc(C[*])n1 |$_R1;;;;;;;;_R2;$|]}|PEPTIDE1{[Mpa].[4CIF].[4Achc].[A2]}$CHEM1,PEPTIDE1,1:R1-1:R3|CHEM1,PEPTIDE1,1:R2-4:R3$$$V2.0",-4.581
GraphSAGE,3,"CHEM1{[[*]C/C=C/C[*] |$_R1;;;;;_R2$|]}|PEPTIDE1{[Mpa].[4CIF].[dNip].[A4]}$CHEM1,PEPTIDE1,1:R1-1:R3|CHEM1,PEPTIDE1,1:R2-4:R3$$$V2.0",-4.415
GraphSAGE,3,"CHEM1{[[*]C/C=C/C[*] |$_R1;;;;;_R2$|]}|PEPTIDE1{[Mpa].[4CIF].[Nip].[A4]}$CHEM1,PEPTIDE1,1:R1-1:R3|CHEM1,PEPTIDE1,1:R2-4:R3$$$V2.0",-5.883
GraphSAGE,3,"CHEM1{[[*]C/C=C/C[*] |$_R1;;;;;_R2$|]}|PEPTIDE1{[Mpa].[Ac3c].[4Achc].[A7]}$CHEM1,PEPTIDE1,1:R1-1:R3|CHEM1,PEPTIDE1,1:R2-4:R3$$$V2.0",-3.697
GraphSAGE,3,"CHEM1{[[*]CS(=O)(=O)C[*] |$_R1;;;;;;_R2$|]}|PEPTIDE1{[Mpa].G.[2Achc].[A2]}$CHEM1,PEPTIDE1,1:R1-1:R3|CHEM1,PEPTIDE1,1:R2-4:R3$$$V2.0",1.238
GraphSAGE,3,"CHEM1{[[*]Cc1ccc(C[*])cc1 |$_R1;;;;;;;_R2;;$|]}|PEPTIDE1{[Mpa].[4CIF].[tAcha].[A2]}$CHEM1,PEPTIDE1,1:R1-1:R3|CHEM1,PEPTIDE1,1:R2-4:R3$$$V2.0",-1.208
GraphSAGE,3,"CHEM1{[[*]Cc1ccc(C[*])cc1 |$_R1;;;;;;;_R2;;$|]}|PEPTIDE1{[Mpa].[4CIF].[cAcha].[A2]}$CHEM1,PEPTIDE1,1:R1-1:R3|CHEM1,PEPTIDE1,1:R2-4:R3$$$V2.0",-1.849
GraphSAGE,3,"CHEM1{[[*]C/C=C/C[*] |$_R1;;;;;_R2$|]}|PEPTIDE1{[Mpa].[4CIF].R.[Mea]}$CHEM1,PEPTIDE1,1:R1-1:R3|CHEM1,PEPTIDE1,1:R2-4:R3$$$V2.0",-1.764
GraphSAGE,3,"CHEM1{[[*]Cc1ccc(C[*])cc1 |$_R1;;;;;;;_R2;;$|]}|PEPTIDE1{[Mpa].[Ac3c].[dPip].[A4]}$CHEM1,PEPTIDE1,1:R1-1:R3|CHEM1,PEPTIDE1,1:R2-4:R3$$$V2.0",-3.948
GraphSAGE,3,"CHEM1{[[*]CS(=O)(=O)C[*] |$_R1;;;;;;_R2$|]}|PEPTIDE1{[Mpa].[4CIF].[2Achc].[A2]}$CHEM1,PEPTIDE1,1:R1-1:R3|CHEM1,PEPTIDE1,1:R2-4:R3$$$V2.0",-3.157
GraphSAGE,3,"CHEM1{[[*]CS(=O)(=O)C[*] |$_R1;;;;;;_R2$|]}|PEPTIDE1{[Mpa].G.[Acpc].[A3]}$CHEM1,PEPTIDE1,1:R1-1:R3|CHEM1,PEPTIDE1,1:R2-4:R3$$$V2.0",0.173
GraphSAGE,3,"CHEM1{[[*]CC1=COC=C1(C[*]) |$_R1;;;;;;;;_R2;$|]}|PEPTIDE1{[Mpa].[4CIF].[2Achc].[A2]}$CHEM1,PEPTIDE1,1:R1-1:R3|CHEM1,PEPTIDE1,1:R2-4:R3$$$V2.0",-2.761
GraphSAGE,3,"CHEM1{[[*]CS(=O)(=O)C[*] |$_R1;;;;;;_R2$|]}|PEPTIDE1{[Mpa].[Ac3c].[bAla].[A3]}$CHEM1,PEPTIDE1,1:R1-1:R3|CHEM1,PEPTIDE1,1:R2-4:R3$$$V2.0",0.427
GraphSAGE,3,"CHEM1{[[*]CS(=O)(=O)C[*] |$_R1;;;;;;_R2$|]}|PEPTIDE1{[Mpa].G.[dNip].[A3]}$CHEM1,PEPTIDE1,1:R1-1:R3|CHEM1,PEPTIDE1,1:R2-4:R3$$$V2.0",-0.021
GraphSAGE,4,"CHEM1{[[*]Cc1ccc(C[*])cc1 |$_R1;;;;;;;_R2;;$|]}|PEPTIDE1{[Mpa].[4CIF].[APipAc].[A4]}$CHEM1,PEPTIDE1,1:R1-1:R3|CHEM1,PEPTIDE1,1:R2-4:R3$$$V2.0",-3.811
GraphSAGE,4,"CHEM1{[[*]Cc1ccc(C[*])cc1 |$_R1;;;;;;;_R2;;$|]}|PEPTIDE1{[Mpa].[4CIF].[APipAc].[A3]}$CHEM1,PEPTIDE1,1:R1-1:R3|CHEM1,PEPTIDE1,1:R2-4:R3$$$V2.0",2.309
GraphSAGE,4,"CHEM1{[[*]Cc1ccc(C[*])cc1 |$_R1;;;;;;;_R2;;$|]}|PEPTIDE1{[Mpa].[Ac3c].R.[A4]}$CHEM1,PEPTIDE1,1:R1-1:R3|CHEM1,PEPTIDE1,1:R2-4:R3$$$V2.0",-3.378
GraphSAGE,4,"CHEM1{[[*]Cc1ccc(C[*])cc1 |$_R1;;;;;;;_R2;;$|]}|PEPTIDE1{[Mpa].[Ac3c].[4Achc].[Mea]}$CHEM1,PEPTIDE1,1:R1-1:R3|CHEM1,PEPTIDE1,1:R2-4:R3$$$V2.0",-4.91
GraphSAGE,4,"CHEM1{[[*]Cc1cccc(C[*])n1 |$_R1;;;;;;;;_R2;$|]}|PEPTIDE1{[Mpa].[Acpc].[Thio].[A6]}$CHEM1,PEPTIDE1,1:R1-1:R3|CHEM1,PEPTIDE1,1:R2-4:R3$$$V2.0",-2.197
GraphSAGE,4,"CHEM1{[[*]Cc1ccc(C[*])cc1 |$_R1;;;;;;;_R2;;$|]}|PEPTIDE1{[Mpa].[4CIF].[APipAc].[A5]}$CHEM1,PEPTIDE1,1:R1-1:R3|CHEM1,PEPTIDE1,1:R2-4:R3$$$V2.0",-2.417
GraphSAGE,4,"CHEM1{[[*]CC(=O)C[*] |$_R1;;;;;_R2$|]}|PEPTIDE1{[Mpa].[Ac3c].[4Achc].[Mea]}$CHEM1,PEPTIDE1,1:R1-1:R3|CHEM1,PEPTIDE1,1:R2-4:R3$$$V2.0",-3.525
GraphSAGE,4,"CHEM1{[[*]Cc1cccc(C[*])n1 |$_R1;;;;;;;;_R2;$|]}|PEPTIDE1{[Mpa].[4CIF].[Nip].[A4]}$CHEM1,PEPTIDE1,1:R1-1:R3|CHEM1,PEPTIDE1,1:R2-4:R3$$$V2.0",-4.922
GraphSAGE,4,"CHEM1{[[*]Cc1cccc(C[*])n1 |$_R1;;;;;;;;_R2;$|]}|PEPTIDE1{[Mpa].[4CIF].[dNip].[A4]}$CHEM1,PEPTIDE1,1:R1-1:R3|CHEM1,PEPTIDE1,1:R2-4:R3$$$V2.0",-5.182
GraphSAGE,4,"CHEM1{[[*]Cc1ccc(C[*])cc1 |$_R1;;;;;;;_R2;;$|]}|PEPTIDE1{[Mpa].[4CIF].[APipAc].[A7]}$CHEM1,PEPTIDE1,1:R1-1:R3|CHEM1,PEPTIDE1,1:R2-4:R3$$$V2.0",-4.321
GraphSAGE,4,"CHEM1{[[*]CS(=O)(=O)C[*] |$_R1;;;;;;_R2$|]}|PEPTIDE1{[Mpa].[Thio].[2Achc].[A6]}$CHEM1,PEPTIDE1,1:R1-1:R3|CHEM1,PEPTIDE1,1:R2-4:R3$$$V2.0",-2.465
GraphSAGE,4,"CHEM1{[[*]CS(=O)(=O)C[*] |$_R1;;;;;;_R2$|]}|PEPTIDE1{[Mpa].[Acpc].[Thio].[A6]}$CHEM1,PEPTIDE1,1:R1-1:R3|CHEM1,PEPTIDE1,1:R2-4:R3$$$V2.0",-2.374
GraphSAGE,4,"CHEM1{[[*]Cc1cccc(C[*])n1 |$_R1;;;;;;;;_R2;$|]}|PEPTIDE1{[Mpa].[Ac3c].R.[A4]}$CHEM1,PEPTIDE1,1:R1-1:R3|CHEM1,PEPTIDE1,1:R2-4:R3$$$V2.0",-2.165
GraphSAGE,4,"CHEM1{[[*]Cc1ccc(C[*])cc1 |$_R1;;;;;;;_R2;;$|]}|PEPTIDE1{[Mpa].[4CIF].[APipAc].[A6]}$CHEM1,PEPTIDE1,1:R1-1:R3|CHEM1,PEPTIDE1,1:R2-4:R3$$$V2.0",-5.624
GraphSAGE,4,"CHEM1{[[*]CS(=O)(=O)C[*] |$_R1;;;;;;_R2$|]}|PEPTIDE1{[Mpa].[Thio].[Acpc].[A6]}$CHEM1,PEPTIDE1,1:R1-1:R3|CHEM1,PEPTIDE1,1:R2-4:R3$$$V2.0",-1.849
GraphSAGE,4,"CHEM1{[[*]Cc1cccc(C[*])n1 |$_R1;;;;;;;;_R2;$|]}|PEPTIDE1{[Mpa].[4CIF].[dPip].[A6]}$CHEM1,PEPTIDE1,1:R1-1:R3|CHEM1,PEPTIDE1,1:R2-4:R3$$$V2.0",-5.736
GraphSAGE,4,"CHEM1{[[*]Cc1cccc(C[*])n1 |$_R1;;;;;;;;_R2;$|]}|PEPTIDE1{[Mpa].[4CIF].[Aze].[A2]}$CHEM1,PEPTIDE1,1:R1-1:R3|CHEM1,PEPTIDE1,1:R2-4:R3$$$V2.0",1.323
GraphSAGE,4,"CHEM1{[[*]C/C=C/C[*] |$_R1;;;;;_R2$|]}|PEPTIDE1{[Mpa].R.[Amcp].[A5]}$CHEM1,PEPTIDE1,1:R1-1:R3|CHEM1,PEPTIDE1,1:R2-4:R3$$$V2.0",-1.909
GraphSAGE,4,"CHEM1{[[*]Cc1cccc(C[*])n1 |$_R1;;;;;;;;_R2;$|]}|PEPTIDE1{[Mpa].[4CIF].[Aze].[A6]}$CHEM1,PEPTIDE1,1:R1-1:R3|CHEM1,PEPTIDE1,1:R2-4:R3$$$V2.0",1.892
GraphSAGE,4,"CHEM1{[[*]Cc1ccc(C[*])cc1 |$_R1;;;;;;;_R2;;$|]}|PEPTIDE1{[Mpa].[Ac3c].[APipAc].[A4]}$CHEM1,PEPTIDE1,1:R1-1:R3|CHEM1,PEPTIDE1,1:R2-4:R3$$$V2.0",-3.385
GraphSAGE,4,"CHEM1{[[*]C/C=C/C[*] |$_R1;;;;;_R2$|]}|PEPTIDE1{[Mpa].[Ac3c].[4Achc].[A4]}$CHEM1,PEPTIDE1,1:R1-1:R3|CHEM1,PEPTIDE1,1:R2-4:R3$$$V2.0",-3.14
GraphSAGE,4,"CHEM1{[[*]CS(=O)(=O)C[*] |$_R1;;;;;;_R2$|]}|PEPTIDE1{[Mpa].[2Achc].[Thio].[A6]}$CHEM1,PEPTIDE1,1:R1-1:R3|CHEM1,PEPTIDE1,1:R2-4:R3$$$V2.0",13.951
GraphSAGE,4,"CHEM1{[[*]CS(=O)(=O)C[*] |$_R1;;;;;;_R2$|]}|PEPTIDE1{[Mpa].[Thio].[4Achc].[A4]}$CHEM1,PEPTIDE1,1:R1-1:R3|CHEM1,PEPTIDE1,1:R2-4:R3$$$V2.0",-5.925
GraphSAGE,4,"CHEM1{[[*]C/C=C/C[*] |$_R1;;;;;_R2$|]}|PEPTIDE1{[Mpa].[Acpc].[Thio].[A6]}$CHEM1,PEPTIDE1,1:R1-1:R3|CHEM1,PEPTIDE1,1:R2-4:R3$$$V2.0",-2.928
GraphSAGE,4,"CHEM1{[[*]C/C=C/C[*] |$_R1;;;;;_R2$|]}|PEPTIDE1{[Mpa].[Ac3c].[4Achc].[A6]}$CHEM1,PEPTIDE1,1:R1-1:R3|CHEM1,PEPTIDE1,1:R2-4:R3$$$V2.0",-4.99
GraphSAGE,4,"CHEM1{[[*]Cc1cccc(C[*])n1 |$_R1;;;;;;;;_R2;$|]}|PEPTIDE1{[Mpa].[4CIF].[Aze].[Mea]}$CHEM1,PEPTIDE1,1:R1-1:R3|CHEM1,PEPTIDE1,1:R2-4:R3$$$V2.0",7.348
GraphSAGE,4,"CHEM1{[[*]Cc1cccc(C[*])n1 |$_R1;;;;;;;;_R2;$|]}|PEPTIDE1{[Mpa].[4CIF].[dP].[A6]}$CHEM1,PEPTIDE1,1:R1-1:R3|CHEM1,PEPTIDE1,1:R2-4:R3$$$V2.0",-4.624
GraphSAGE,4,"CHEM1{[[*]Cc1cccc(C[*])n1 |$_R1;;;;;;;;_R2;$|]}|PEPTIDE1{[Mpa].[4CIF].P.[A6]}$CHEM1,PEPTIDE1,1:R1-1:R3|CHEM1,PEPTIDE1,1:R2-4:R3$$$V2.0",-3.268
GraphSAGE,4,"CHEM1{[[*]Cc1ccc(C[*])cc1 |$_R1;;;;;;;_R2;;$|]}|PEPTIDE1{[Mpa].[4CIF].[4Achc].[A7]}$CHEM1,PEPTIDE1,1:R1-1:R3|CHEM1,PEPTIDE1,1:R2-4:R3$$$V2.0",-6.472
GraphSAGE,4,"CHEM1{[[*]C/C=C/C[*] |$_R1;;;;;_R2$|]}|PEPTIDE1{[Mpa].G.[Aze].[A6]}$CHEM1,PEPTIDE1,1:R1-1:R3|CHEM1,PEPTIDE1,1:R2-4:R3$$$V2.0",-1.367
GraphSAGE,4,"CHEM1{[[*]Cc1ccc(C[*])cc1 |$_R1;;;;;;;_R2;;$|]}|PEPTIDE1{[Mpa].[4CIF].[APipAc].[Mea]}$CHEM1,PEPTIDE1,1:R1-1:R3|CHEM1,PEPTIDE1,1:R2-4:R3$$$V2.0",-3.038
GraphSAGE,4,"CHEM1{[[*]Cc1cccc(C[*])n1 |$_R1;;;;;;;;_R2;$|]}|PEPTIDE1{[Mpa].[4CIF].[APipAc].[A3]}$CHEM1,PEPTIDE1,1:R1-1:R3|CHEM1,PEPTIDE1,1:R2-4:R3$$$V2.0",-4.493
GraphSAGE,4,"CHEM1{[[*]CC(=O)C[*] |$_R1;;;;;_R2$|]}|PEPTIDE1{[Mpa].R.[Amcp].[A6]}$CHEM1,PEPTIDE1,1:R1-1:R3|CHEM1,PEPTIDE1,1:R2-4:R3$$$V2.0",-0.502
GraphSAGE,4,"CHEM1{[[*]Cc1ccc(C[*])cc1 |$_R1;;;;;;;_R2;;$|]}|PEPTIDE1{[Mpa].[Ac3c].[bAla].[A2]}$CHEM1,PEPTIDE1,1:R1-1:R3|CHEM1,PEPTIDE1,1:R2-4:R3$$$V2.0",-3.769
GraphSAGE,4,"CHEM1{[[*]CC(=O)C[*] |$_R1;;;;;_R2$|]}|PEPTIDE1{[Mpa].[Acpc].G.[A6]}$CHEM1,PEPTIDE1,1:R1-1:R3|CHEM1,PEPTIDE1,1:R2-4:R3$$$V2.0",-0.82
GraphSAGE,4,"CHEM1{[[*]C/C=C/C[*] |$_R1;;;;;_R2$|]}|PEPTIDE1{[Mpa].[4CIF].[APipAc].[A5]}$CHEM1,PEPTIDE1,1:R1-1:R3|CHEM1,PEPTIDE1,1:R2-4:R3$$$V2.0",-3.79
GraphSAGE,4,"CHEM1{[[*]CC(=O)C[*] |$_R1;;;;;_R2$|]}|PEPTIDE1{[Mpa].R.[Amcp].[A5]}$CHEM1,PEPTIDE1,1:R1-1:R3|CHEM1,PEPTIDE1,1:R2-4:R3$$$V2.0",-2.711
GraphSAGE,4,"CHEM1{[[*]C/C=C/C[*] |$_R1;;;;;_R2$|]}|PEPTIDE1{[Mpa].[4CIF].[Acpc].[Mea]}$CHEM1,PEPTIDE1,1:R1-1:R3|CHEM1,PEPTIDE1,1:R2-4:R3$$$V2.0",-3.975
GraphSAGE,4,"CHEM1{[[*]CS(=O)(=O)C[*] |$_R1;;;;;;_R2$|]}|PEPTIDE1{[Mpa].[Acpc].[Thio].[A3]}$CHEM1,PEPTIDE1,1:R1-1:R3|CHEM1,PEPTIDE1,1:R2-4:R3$$$V2.0",-1.586
GraphSAGE,4,"CHEM1{[[*]Cc1cccc(C[*])n1 |$_R1;;;;;;;;_R2;$|]}|PEPTIDE1{[Mpa].[4CIF].[APipAc].[A4]}$CHEM1,PEPTIDE1,1:R1-1:R3|CHEM1,PEPTIDE1,1:R2-4:R3$$$V2.0",-5.14
GraphSAGE,4,"CHEM1{[[*]CS(=O)(=O)C[*] |$_R1;;;;;;_R2$|]}|PEPTIDE1{[Mpa].[Thio].R.[A2]}$CHEM1,PEPTIDE1,1:R1-1:R3|CHEM1,PEPTIDE1,1:R2-4:R3$$$V2.0",-1.714
GraphSAGE,4,"CHEM1{[[*]Cc1ccc(C[*])cc1 |$_R1;;;;;;;_R2;;$|]}|PEPTIDE1{[Mpa].[4CIF].[2Amb].[Mea]}$CHEM1,PEPTIDE1,1:R1-1:R3|CHEM1,PEPTIDE1,1:R2-4:R3$$$V2.0",-5.124
GraphSAGE,4,"CHEM1{[[*]C/C=C/C[*] |$_R1;;;;;_R2$|]}|PEPTIDE1{[Mpa].[Ac3c].[4Achc].[A3]}$CHEM1,PEPTIDE1,1:R1-1:R3|CHEM1,PEPTIDE1,1:R2-4:R3$$$V2.0",-2.985
GraphSAGE,4,"CHEM1{[[*]Cc1ccc(C[*])cc1 |$_R1;;;;;;;_R2;;$|]}|PEPTIDE1{[Mpa].[Ac3c].[bAla].[A3]}$CHEM1,PEPTIDE1,1:R1-1:R3|CHEM1,PEPTIDE1,1:R2-4:R3$$$V2.0",-2.774
GraphSAGE,4,"CHEM1{[[*]C/C=C/C[*] |$_R1;;;;;_R2$|]}|PEPTIDE1{[Mpa].G.[Aze].[A3]}$CHEM1,PEPTIDE1,1:R1-1:R3|CHEM1,PEPTIDE1,1:R2-4:R3$$$V2.0",0.539
GraphSAGE,4,"CHEM1{[[*]Cc1cccc(C[*])n1 |$_R1;;;;;;;;_R2;$|]}|PEPTIDE1{[Mpa].[Ac3c].[4Achc].[Mea]}$CHEM1,PEPTIDE1,1:R1-1:R3|CHEM1,PEPTIDE1,1:R2-4:R3$$$V2.0",-2.022
GraphSAGE,4,"CHEM1{[[*]C/C=C/C[*] |$_R1;;;;;_R2$|]}|PEPTIDE1{[Mpa].G.[dP].[A6]}$CHEM1,PEPTIDE1,1:R1-1:R3|CHEM1,PEPTIDE1,1:R2-4:R3$$$V2.0",-3.232
GraphSAGE,4,"CHEM1{[[*]C/C=C/C[*] |$_R1;;;;;_R2$|]}|PEPTIDE1{[Mpa].G.P.[A6]}$CHEM1,PEPTIDE1,1:R1-1:R3|CHEM1,PEPTIDE1,1:R2-4:R3$$$V2.0",-0.846
GraphSAGE,4,"CHEM1{[[*]C/C=C/C[*] |$_R1;;;;;_R2$|]}|PEPTIDE1{[Mpa].[4CIF].[cAcha].[A5]}$CHEM1,PEPTIDE1,1:R1-1:R3|CHEM1,PEPTIDE1,1:R2-4:R3$$$V2.0",14.133
GraphSAGE,4,"CHEM1{[[*]CC1=COC=C1(C[*]) |$_R1;;;;;;;;_R2;$|]}|PEPTIDE1{[Mpa].[4CIF].[dNip].[A6]}$CHEM1,PEPTIDE1,1:R1-1:R3|CHEM1,PEPTIDE1,1:R2-4:R3$$$V2.0",-1.337
GraphSAGE,4,"CHEM1{[[*]CC1=COC=C1(C[*]) |$_R1;;;;;;;;_R2;$|]}|PEPTIDE1{[Mpa].[4CIF].[Nip].[A6]}$CHEM1,PEPTIDE1,1:R1-1:R3|CHEM1,PEPTIDE1,1:R2-4:R3$$$V2.0",-3.246
GraphSAGE,4,"CHEM1{[[*]Cc1cccc(C[*])n1 |$_R1;;;;;;;;_R2;$|]}|PEPTIDE1{[Mpa].G.R.[A4]}$CHEM1,PEPTIDE1,1:R1-1:R3|CHEM1,PEPTIDE1,1:R2-4:R3$$$V2.0",1.481
GraphSAGE,4,"CHEM1{[[*]CC(=O)C[*] |$_R1;;;;;_R2$|]}|PEPTIDE1{[Mpa].[Acpc].G.[A3]}$CHEM1,PEPTIDE1,1:R1-1:R3|CHEM1,PEPTIDE1,1:R2-4:R3$$$V2.0",-1.046
GraphSAGE,4,"CHEM1{[[*]Cc1cccc(C[*])n1 |$_R1;;;;;;;;_R2;$|]}|PEPTIDE1{[Mpa].[4CIF].[Nip].[Mea]}$CHEM1,PEPTIDE1,1:R1-1:R3|CHEM1,PEPTIDE1,1:R2-4:R3$$$V2.0",-1.863
GraphSAGE,4,"CHEM1{[[*]Cc1cccc(C[*])n1 |$_R1;;;;;;;;_R2;$|]}|PEPTIDE1{[Mpa].[4CIF].[dNip].[Mea]}$CHEM1,PEPTIDE1,1:R1-1:R3|CHEM1,PEPTIDE1,1:R2-4:R3$$$V2.0",-1.536
GraphSAGE,4,"CHEM1{[[*]CC1=COC=C1(C[*]) |$_R1;;;;;;;;_R2;$|]}|PEPTIDE1{[Mpa].R.[Amcp].[A5]}$CHEM1,PEPTIDE1,1:R1-1:R3|CHEM1,PEPTIDE1,1:R2-4:R3$$$V2.0",-1.682
GraphSAGE,4,"CHEM1{[[*]Cc1ccc(C[*])cc1 |$_R1;;;;;;;_R2;;$|]}|PEPTIDE1{[Mpa].G.[APipAc].[A4]}$CHEM1,PEPTIDE1,1:R1-1:R3|CHEM1,PEPTIDE1,1:R2-4:R3$$$V2.0",-4.311
GraphSAGE,4,"CHEM1{[[*]C/C=C/C[*] |$_R1;;;;;_R2$|]}|PEPTIDE1{[Mpa].[Ac3c].[4Amb].[A4]}$CHEM1,PEPTIDE1,1:R1-1:R3|CHEM1,PEPTIDE1,1:R2-4:R3$$$V2.0",-4.59
GraphSAGE,4,"CHEM1{[[*]Cc1cccc(C[*])n1 |$_R1;;;;;;;;_R2;$|]}|PEPTIDE1{[Mpa].[4CIF].[dPip].[A2]}$CHEM1,PEPTIDE1,1:R1-1:R3|CHEM1,PEPTIDE1,1:R2-4:R3$$$V2.0",-5.157
GraphSAGE,4,"CHEM1{[[*]Cc1ccc(C[*])cc1 |$_R1;;;;;;;_R2;;$|]}|PEPTIDE1{[Mpa].[Ac3c].[Amcp].[A2]}$CHEM1,PEPTIDE1,1:R1-1:R3|CHEM1,PEPTIDE1,1:R2-4:R3$$$V2.0",-4.233
GraphSAGE,4,"CHEM1{[[*]Cc1cccc(C[*])n1 |$_R1;;;;;;;;_R2;$|]}|PEPTIDE1{[Mpa].[4CIF].[APipAc].[A6]}$CHEM1,PEPTIDE1,1:R1-1:R3|CHEM1,PEPTIDE1,1:R2-4:R3$$$V2.0",-0.667
GraphSAGE,4,"CHEM1{[[*]Cc1cccc(C[*])n1 |$_R1;;;;;;;;_R2;$|]}|PEPTIDE1{[Mpa].[2Achc].[Thio].[A6]}$CHEM1,PEPTIDE1,1:R1-1:R3|CHEM1,PEPTIDE1,1:R2-4:R3$$$V2.0",-2.456
GraphSAGE,4,"CHEM1{[[*]C/C=C/C[*] |$_R1;;;;;_R2$|]}|PEPTIDE1{[Mpa].[Ac3c].[4Amb].[A5]}$CHEM1,PEPTIDE1,1:R1-1:R3|CHEM1,PEPTIDE1,1:R2-4:R3$$$V2.0",-3.17
GraphSAGE,4,"CHEM1{[[*]C/C=C/C[*] |$_R1;;;;;_R2$|]}|PEPTIDE1{[Mpa].G.[bAla].[A5]}$CHEM1,PEPTIDE1,1:R1-1:R3|CHEM1,PEPTIDE1,1:R2-4:R3$$$V2.0",-3.38
GraphSAGE,4,"CHEM1{[[*]Cc1ccc(C[*])cc1 |$_R1;;;;;;;_R2;;$|]}|PEPTIDE1{[Mpa].[4CIF].[Amcp].[A4]}$CHEM1,PEPTIDE1,1:R1-1:R3|CHEM1,PEPTIDE1,1:R2-4:R3$$$V2.0",-5.528
GraphSAGE,4,"CHEM1{[[*]Cc1cccc(C[*])n1 |$_R1;;;;;;;;_R2;$|]}|PEPTIDE1{[Mpa].[4CIF].[dP].[A2]}$CHEM1,PEPTIDE1,1:R1-1:R3|CHEM1,PEPTIDE1,1:R2-4:R3$$$V2.0",-2.721
GraphSAGE,4,"CHEM1{[[*]Cc1cccc(C[*])n1 |$_R1;;;;;;;;_R2;$|]}|PEPTIDE1{[Mpa].[4CIF].P.[A2]}$CHEM1,PEPTIDE1,1:R1-1:R3|CHEM1,PEPTIDE1,1:R2-4:R3$$$V2.0",-1.797
GraphSAGE,4,"CHEM1{[[*]Cc1cccc(C[*])n1 |$_R1;;;;;;;;_R2;$|]}|PEPTIDE1{[Mpa].[Acpc].[Thio].[A5]}$CHEM1,PEPTIDE1,1:R1-1:R3|CHEM1,PEPTIDE1,1:R2-4:R3$$$V2.0",-3.361
GraphSAGE,4,"CHEM1{[[*]CC(=O)C[*] |$_R1;;;;;_R2$|]}|PEPTIDE1{[Mpa].[Acpc].[Thio].[A6]}$CHEM1,PEPTIDE1,1:R1-1:R3|CHEM1,PEPTIDE1,1:R2-4:R3$$$V2.0",0.374
GraphSAGE,4,"CHEM1{[[*]C/C=C/C[*] |$_R1;;;;;_R2$|]}|PEPTIDE1{[Mpa].[4CIF].[4Achc].[Mea]}$CHEM1,PEPTIDE1,1:R1-1:R3|CHEM1,PEPTIDE1,1:R2-4:R3$$$V2.0",-5.451
GraphSAGE,4,"CHEM1{[[*]CC(=O)C[*] |$_R1;;;;;_R2$|]}|PEPTIDE1{[Mpa].[Acpc].[Thio].[A3]}$CHEM1,PEPTIDE1,1:R1-1:R3|CHEM1,PEPTIDE1,1:R2-4:R3$$$V2.0",-2.861
GraphSAGE,4,"CHEM1{[[*]CS(=O)(=O)C[*] |$_R1;;;;;;_R2$|]}|PEPTIDE1{[Mpa].[Thio].[A6]}$CHEM1,PEPTIDE1,1:R1-1:R3|CHEM1,PEPTIDE1,1:R2-3:R3$$$V2.0",2.691
GraphSAGE,4,"CHEM1{[[*]Cc1ccc(C[*])cc1 |$_R1;;;;;;;_R2;;$|]}|PEPTIDE1{[Mpa].[4CIF].[Aze].[Mea]}$CHEM1,PEPTIDE1,1:R1-1:R3|CHEM1,PEPTIDE1,1:R2-4:R3$$$V2.0",-6.241
GraphSAGE,4,"CHEM1{[[*]Cc1ccc(C[*])cc1 |$_R1;;;;;;;_R2;;$|]}|PEPTIDE1{[Mpa].[4CIF].[2Amb].[A5]}$CHEM1,PEPTIDE1,1:R1-1:R3|CHEM1,PEPTIDE1,1:R2-4:R3$$$V2.0",-5.594
GraphSAGE,4,"CHEM1{[[*]C/C=C/C[*] |$_R1;;;;;_R2$|]}|PEPTIDE1{[Mpa].[Ac3c].[4Achc].[A2]}$CHEM1,PEPTIDE1,1:R1-1:R3|CHEM1,PEPTIDE1,1:R2-4:R3$$$V2.0",-4.215
GraphSAGE,4,"CHEM1{[[*]C/C=C/C[*] |$_R1;;;;;_R2$|]}|PEPTIDE1{[Mpa].G.[bAla].[A6]}$CHEM1,PEPTIDE1,1:R1-1:R3|CHEM1,PEPTIDE1,1:R2-4:R3$$$V2.0",-2.321
GraphSAGE,4,"CHEM1{[[*]Cc1cccc(C[*])n1 |$_R1;;;;;;;;_R2;$|]}|PEPTIDE1{[Mpa].G.[Aze].[Mea]}$CHEM1,PEPTIDE1,1:R1-1:R3|CHEM1,PEPTIDE1,1:R2-4:R3$$$V2.0",-1.985
GraphSAGE,4,"CHEM1{[[*]Cc1ccc(C[*])cc1 |$_R1;;;;;;;_R2;;$|]}|PEPTIDE1{[Mpa].[Ac3c].[2Amb].[A2]}$CHEM1,PEPTIDE1,1:R1-1:R3|CHEM1,PEPTIDE1,1:R2-4:R3$$$V2.0",-4.671
GraphSAGE,4,"CHEM1{[[*]C/C=C/C[*] |$_R1;;;;;_R2$|]}|PEPTIDE1{[Mpa].[Ac3c].[4Achc].[A5]}$CHEM1,PEPTIDE1,1:R1-1:R3|CHEM1,PEPTIDE1,1:R2-4:R3$$$V2.0",-4.536
GraphSAGE,4,"CHEM1{[[*]C/C=C/C[*] |$_R1;;;;;_R2$|]}|PEPTIDE1{[Mpa].[APipAc].[4CIF].[A6]}$CHEM1,PEPTIDE1,1:R1-1:R3|CHEM1,PEPTIDE1,1:R2-4:R3$$$V2.0",-1.579
GraphSAGE,4,"CHEM1{[[*]CC(=O)C[*] |$_R1;;;;;_R2$|]}|PEPTIDE1{[Mpa].[Ac3c].R.[A2]}$CHEM1,PEPTIDE1,1:R1-1:R3|CHEM1,PEPTIDE1,1:R2-4:R3$$$V2.0",-0.334
GraphSAGE,4,"CHEM1{[[*]Cc1ccc(C[*])cc1 |$_R1;;;;;;;_R2;;$|]}|PEPTIDE1{[Mpa].[Ac3c].[2Amb].[A6]}$CHEM1,PEPTIDE1,1:R1-1:R3|CHEM1,PEPTIDE1,1:R2-4:R3$$$V2.0",-3.505
GraphSAGE,4,"CHEM1{[[*]C/C=C/C[*] |$_R1;;;;;_R2$|]}|PEPTIDE1{[Mpa].G.[Aze].[A2]}$CHEM1,PEPTIDE1,1:R1-1:R3|CHEM1,PEPTIDE1,1:R2-4:R3$$$V2.0",3.524
GraphSAGE,4,"CHEM1{[[*]CS(=O)(=O)C[*] |$_R1;;;;;;_R2$|]}|PEPTIDE1{[Mpa].[Thio].[Acpc].[A3]}$CHEM1,PEPTIDE1,1:R1-1:R3|CHEM1,PEPTIDE1,1:R2-4:R3$$$V2.0",0.795
GraphSAGE,4,"CHEM1{[[*]Cc1ccc(C[*])cc1 |$_R1;;;;;;;_R2;;$|]}|PEPTIDE1{[Mpa].[Ac3c].[Amcp].[A3]}$CHEM1,PEPTIDE1,1:R1-1:R3|CHEM1,PEPTIDE1,1:R2-4:R3$$$V2.0",-2.696
GraphSAGE,4,"CHEM1{[[*]CC1=COC=C1(C[*]) |$_R1;;;;;;;;_R2;$|]}|PEPTIDE1{[Mpa].[Ac3c].[4Achc].[A2]}$CHEM1,PEPTIDE1,1:R1-1:R3|CHEM1,PEPTIDE1,1:R2-4:R3$$$V2.0",-3.408
GraphSAGE,4,"CHEM1{[[*]C/C=C/C[*] |$_R1;;;;;_R2$|]}|PEPTIDE1{[Mpa].[Ac3c].[4Amb].[A2]}$CHEM1,PEPTIDE1,1:R1-1:R3|CHEM1,PEPTIDE1,1:R2-4:R3$$$V2.0",-3.057
GraphSAGE,4,"CHEM1{[[*]Cc1cccc(C[*])n1 |$_R1;;;;;;;;_R2;$|]}|PEPTIDE1{[Mpa].G.[dPip].[A6]}$CHEM1,PEPTIDE1,1:R1-1:R3|CHEM1,PEPTIDE1,1:R2-4:R3$$$V2.0",-0.172
GraphSAGE,4,"CHEM1{[[*]CC(=O)C[*] |$_R1;;;;;_R2$|]}|PEPTIDE1{[Mpa].[Ac3c].[Aze].[Mea]}$CHEM1,PEPTIDE1,1:R1-1:R3|CHEM1,PEPTIDE1,1:R2-4:R3$$$V2.0",1.378
GraphSAGE,4,"CHEM1{[[*]Cc1ccc(C[*])cc1 |$_R1;;;;;;;_R2;;$|]}|PEPTIDE1{[Mpa].G.R.[A4]}$CHEM1,PEPTIDE1,1:R1-1:R3|CHEM1,PEPTIDE1,1:R2-4:R3$$$V2.0",-3.93
GraphSAGE,4,"CHEM1{[[*]Cc1ccc(C[*])cc1 |$_R1;;;;;;;_R2;;$|]}|PEPTIDE1{[Mpa].[Ac3c].[APipAc].[A2]}$CHEM1,PEPTIDE1,1:R1-1:R3|CHEM1,PEPTIDE1,1:R2-4:R3$$$V2.0",-0.415
GraphSAGE,4,"CHEM1{[[*]Cc1cccc(C[*])n1 |$_R1;;;;;;;;_R2;$|]}|PEPTIDE1{[Mpa].[4CIF].[APipAc].[A5]}$CHEM1,PEPTIDE1,1:R1-1:R3|CHEM1,PEPTIDE1,1:R2-4:R3$$$V2.0",-5.793
GraphSAGE,4,"CHEM1{[[*]Cc1cccc(C[*])n1 |$_R1;;;;;;;;_R2;$|]}|PEPTIDE1{[Mpa].[Ac3c].[APipAc].[A6]}$CHEM1,PEPTIDE1,1:R1-1:R3|CHEM1,PEPTIDE1,1:R2-4:R3$$$V2.0",-4.701
GraphSAGE,4,"CHEM1{[[*]Cc1cccc(C[*])n1 |$_R1;;;;;;;;_R2;$|]}|PEPTIDE1{[Mpa].[Ac3c].[Aze].[Mea]}$CHEM1,PEPTIDE1,1:R1-1:R3|CHEM1,PEPTIDE1,1:R2-4:R3$$$V2.0",-0.762
GraphSAGE,4,"CHEM1{[[*]Cc1ccc(C[*])cc1 |$_R1;;;;;;;_R2;;$|]}|PEPTIDE1{[Mpa].[4CIF].[2Amb].[A3]}$CHEM1,PEPTIDE1,1:R1-1:R3|CHEM1,PEPTIDE1,1:R2-4:R3$$$V2.0",-4.725
GraphSAGE,4,"CHEM1{[[*]Cc1ccc(C[*])cc1 |$_R1;;;;;;;_R2;;$|]}|PEPTIDE1{[Mpa].[4CIF].[bhPro].[A6]}$CHEM1,PEPTIDE1,1:R1-1:R3|CHEM1,PEPTIDE1,1:R2-4:R3$$$V2.0",-6.042
GraphSAGE,5,"CHEM1{[[*]Cc1ccc(C[*])cc1 |$_R1;;;;;;;_R2;;$|]}|PEPTIDE1{[Mpa].[4CIF].G.[Mea]}$CHEM1,PEPTIDE1,1:R1-1:R3|CHEM1,PEPTIDE1,1:R2-4:R3$$$V2.0",-3.958
GraphSAGE,5,"CHEM1{[[*]C/C=C/C[*] |$_R1;;;;;_R2$|]}|PEPTIDE1{[Mpa].[bAla].R.[A6]}$CHEM1,PEPTIDE1,1:R1-1:R3|CHEM1,PEPTIDE1,1:R2-4:R3$$$V2.0",1.885
GraphSAGE,5,"CHEM1{[[*]CS(=O)(=O)C[*] |$_R1;;;;;;_R2$|]}|PEPTIDE1{[Mpa].[bAla].[4CIF].[A5]}$CHEM1,PEPTIDE1,1:R1-1:R3|CHEM1,PEPTIDE1,1:R2-4:R3$$$V2.0",1.655
GraphSAGE,5,"CHEM1{[[*]Cc1cccc(C[*])n1 |$_R1;;;;;;;;_R2;$|]}|PEPTIDE1{[Mpa].G.[APipAc].[Mea]}$CHEM1,PEPTIDE1,1:R1-1:R3|CHEM1,PEPTIDE1,1:R2-4:R3$$$V2.0",-4.042
GraphSAGE,5,"CHEM1{[[*]Cc1ccc(C[*])cc1 |$_R1;;;;;;;_R2;;$|]}|PEPTIDE1{[Mpa].G.[bhPro].[A4]}$CHEM1,PEPTIDE1,1:R1-1:R3|CHEM1,PEPTIDE1,1:R2-4:R3$$$V2.0",-4.196
GraphSAGE,5,"CHEM1{[[*]C/C=C/C[*] |$_R1;;;;;_R2$|]}|PEPTIDE1{[Mpa].[Ac3c].[2Amb].[Mea]}$CHEM1,PEPTIDE1,1:R1-1:R3|CHEM1,PEPTIDE1,1:R2-4:R3$$$V2.0",-3.475
GraphSAGE,5,"CHEM1{[[*]Cc1cccc(C[*])n1 |$_R1;;;;;;;;_R2;$|]}|PEPTIDE1{[Mpa].G.G.[Mea]}$CHEM1,PEPTIDE1,1:R1-1:R3|CHEM1,PEPTIDE1,1:R2-4:R3$$$V2.0",-2.397
GraphSAGE,5,"CHEM1{[[*]Cc1ccc(C[*])cc1 |$_R1;;;;;;;_R2;;$|]}|PEPTIDE1{[Mpa].[4CIF].[dPip].[A6]}$CHEM1,PEPTIDE1,1:R1-1:R3|CHEM1,PEPTIDE1,1:R2-4:R3$$$V2.0",-4.771
GraphSAGE,5,"CHEM1{[[*]Cc1ccc(C[*])cc1 |$_R1;;;;;;;_R2;;$|]}|PEPTIDE1{[Mpa].[4CIF].[dPip].[A7]}$CHEM1,PEPTIDE1,1:R1-1:R3|CHEM1,PEPTIDE1,1:R2-4:R3$$$V2.0",-5.391
GraphSAGE,5,"CHEM1{[[*]Cc1cccc(C[*])n1 |$_R1;;;;;;;;_R2;$|]}|PEPTIDE1{[Mpa].G.[Ac3c].[Mea]}$CHEM1,PEPTIDE1,1:R1-1:R3|CHEM1,PEPTIDE1,1:R2-4:R3$$$V2.0",-3.004
GraphSAGE,5,"CHEM1{[[*]Cc1ccc(C[*])cc1 |$_R1;;;;;;;_R2;;$|]}|PEPTIDE1{[Mpa].[4CIF].[4Achc].[A6]}$CHEM1,PEPTIDE1,1:R1-1:R3|CHEM1,PEPTIDE1,1:R2-4:R3$$$V2.0",-4.859
GraphSAGE,5,"CHEM1{[[*]Cc1cccc(C[*])n1 |$_R1;;;;;;;;_R2;$|]}|PEPTIDE1{[Mpa].[Ac3c].[APipAc].[Mea]}$CHEM1,PEPTIDE1,1:R1-1:R3|CHEM1,PEPTIDE1,1:R2-4:R3$$$V2.0",-2.711
GraphSAGE,5,"CHEM1{[[*]CS(=O)(=O)C[*] |$_R1;;;;;;_R2$|]}|PEPTIDE1{[Mpa].[Thio].[4Achc].[Mea]}$CHEM1,PEPTIDE1,1:R1-1:R3|CHEM1,PEPTIDE1,1:R2-4:R3$$$V2.0",6.036
GraphSAGE,5,"CHEM1{[[*]Cc1ccc(C[*])cc1 |$_R1;;;;;;;_R2;;$|]}|PEPTIDE1{[Mpa].[4CIF].[4Amb].[A7]}$CHEM1,PEPTIDE1,1:R1-1:R3|CHEM1,PEPTIDE1,1:R2-4:R3$$$V2.0",-4.842
GraphSAGE,5,"CHEM1{[[*]Cc1ccc(C[*])cc1 |$_R1;;;;;;;_R2;;$|]}|PEPTIDE1{[Mpa].[4CIF].[dPip].[A2]}$CHEM1,PEPTIDE1,1:R1-1:R3|CHEM1,PEPTIDE1,1:R2-4:R3$$$V2.0",-5.508
GraphSAGE,5,"CHEM1{[[*]CS(=O)(=O)C[*] |$_R1;;;;;;_R2$|]}|PEPTIDE1{[Mpa].[bAla].[4CIF].[A2]}$CHEM1,PEPTIDE1,1:R1-1:R3|CHEM1,PEPTIDE1,1:R2-4:R3$$$V2.0",-0.184
GraphSAGE,5,"CHEM1{[[*]Cc1ccc(C[*])cc1 |$_R1;;;;;;;_R2;;$|]}|PEPTIDE1{[Mpa].[Ac3c].[4Achc].[A7]}$CHEM1,PEPTIDE1,1:R1-1:R3|CHEM1,PEPTIDE1,1:R2-4:R3$$$V2.0",-4.452
GraphSAGE,5,"CHEM1{[[*]Cc1cccc(C[*])n1 |$_R1;;;;;;;;_R2;$|]}|PEPTIDE1{[Mpa].G.[APipAc].[A2]}$CHEM1,PEPTIDE1,1:R1-1:R3|CHEM1,PEPTIDE1,1:R2-4:R3$$$V2.0",0.478
GraphSAGE,5,"CHEM1{[[*]C/C=C/C[*] |$_R1;;;;;_R2$|]}|PEPTIDE1{[Mpa].[4CIF].[dPip].[A6]}$CHEM1,PEPTIDE1,1:R1-1:R3|CHEM1,PEPTIDE1,1:R2-4:R3$$$V2.0",-0.051
GraphSAGE,5,"CHEM1{[[*]Cc1ccc(C[*])cc1 |$_R1;;;;;;;_R2;;$|]}|PEPTIDE1{[Mpa].[4CIF].R.[A2]}$CHEM1,PEPTIDE1,1:R1-1:R3|CHEM1,PEPTIDE1,1:R2-4:R3$$$V2.0",-2.679
GraphSAGE,5,"CHEM1{[[*]C/C=C/C[*] |$_R1;;;;;_R2$|]}|PEPTIDE1{[Mpa].[4CIF].[dP].[A6]}$CHEM1,PEPTIDE1,1:R1-1:R3|CHEM1,PEPTIDE1,1:R2-4:R3$$$V2.0",-4.257
GraphSAGE,5,"CHEM1{[[*]C/C=C/C[*] |$_R1;;;;;_R2$|]}|PEPTIDE1{[Mpa].[4CIF].P.[A6]}$CHEM1,PEPTIDE1,1:R1-1:R3|CHEM1,PEPTIDE1,1:R2-4:R3$$$V2.0",-5.119
GraphSAGE,5,"CHEM1{[[*]Cc1ccc(C[*])cc1 |$_R1;;;;;;;_R2;;$|]}|PEPTIDE1{[Mpa].[Acpc].[Thio].[A3]}$CHEM1,PEPTIDE1,1:R1-1:R3|CHEM1,PEPTIDE1,1:R2-4:R3$$$V2.0",-3.182
GraphSAGE,5,"CHEM1{[[*]CS(=O)(=O)C[*] |$_R1;;;;;;_R2$|]}|PEPTIDE1{[Mpa].[Ac3c].[4Achc].[A7]}$CHEM1,PEPTIDE1,1:R1-1:R3|CHEM1,PEPTIDE1,1:R2-4:R3$$$V2.0",1.316
GraphSAGE,5,"CHEM1{[[*]Cc1ccc(C[*])cc1 |$_R1;;;;;;;_R2;;$|]}|PEPTIDE1{[Mpa].[4CIF].[2Amb].[A7]}$CHEM1,PEPTIDE1,1:R1-1:R3|CHEM1,PEPTIDE1,1:R2-4:R3$$$V2.0",-6.103
GraphSAGE,5,"CHEM1{[[*]Cc1ccc(C[*])cc1 |$_R1;;;;;;;_R2;;$|]}|PEPTIDE1{[Mpa].[4CIF].[Trx].[A7]}$CHEM1,PEPTIDE1,1:R1-1:R3|CHEM1,PEPTIDE1,1:R2-4:R3$$$V2.0",-3.828
GraphSAGE,5,"CHEM1{[[*]Cc1ccc(C[*])cc1 |$_R1;;;;;;;_R2;;$|]}|PEPTIDE1{[Mpa].[Ac3c].[Acpc].[A7]}$CHEM1,PEPTIDE1,1:R1-1:R3|CHEM1,PEPTIDE1,1:R2-4:R3$$$V2.0",-5.435
GraphSAGE,5,"CHEM1{[[*]Cc1ccc(C[*])cc1 |$_R1;;;;;;;_R2;;$|]}|PEPTIDE1{[Mpa].[4CIF].[bhPro].[A7]}$CHEM1,PEPTIDE1,1:R1-1:R3|CHEM1,PEPTIDE1,1:R2-4:R3$$$V2.0",-5.846
GraphSAGE,5,"CHEM1{[[*]Cc1ccc(C[*])cc1 |$_R1;;;;;;;_R2;;$|]}|PEPTIDE1{[Mpa].[4CIF].[Ac3c].[Mea]}$CHEM1,PEPTIDE1,1:R1-1:R3|CHEM1,PEPTIDE1,1:R2-4:R3$$$V2.0",-3.439
GraphSAGE,5,"CHEM1{[[*]Cc1ccc(C[*])cc1 |$_R1;;;;;;;_R2;;$|]}|PEPTIDE1{[Mpa].[4CIF].[bAla].[A7]}$CHEM1,PEPTIDE1,1:R1-1:R3|CHEM1,PEPTIDE1,1:R2-4:R3$$$V2.0",-5.062
GraphSAGE,5,"CHEM1{[[*]C/C=C/C[*] |$_R1;;;;;_R2$|]}|PEPTIDE1{[Mpa].[Ac3c].[2Amb].[A5]}$CHEM1,PEPTIDE1,1:R1-1:R3|CHEM1,PEPTIDE1,1:R2-4:R3$$$V2.0",-3.337
GraphSAGE,5,"CHEM1{[[*]Cc1ccc(C[*])cc1 |$_R1;;;;;;;_R2;;$|]}|PEPTIDE1{[Mpa].[Ac3c].[bhPro].[A4]}$CHEM1,PEPTIDE1,1:R1-1:R3|CHEM1,PEPTIDE1,1:R2-4:R3$$$V2.0",-3.195
GraphSAGE,5,"CHEM1{[[*]C/C=C/C[*] |$_R1;;;;;_R2$|]}|PEPTIDE1{[Mpa].G.[2Amb].[Mea]}$CHEM1,PEPTIDE1,1:R1-1:R3|CHEM1,PEPTIDE1,1:R2-4:R3$$$V2.0",-2.083
GraphSAGE,5,"CHEM1{[[*]C/C=C/C[*] |$_R1;;;;;_R2$|]}|PEPTIDE1{[Mpa].[bAla].R.[A5]}$CHEM1,PEPTIDE1,1:R1-1:R3|CHEM1,PEPTIDE1,1:R2-4:R3$$$V2.0",-2.008
GraphSAGE,5,"CHEM1{[[*]Cc1cccc(C[*])n1 |$_R1;;;;;;;;_R2;$|]}|PEPTIDE1{[Mpa].G.[bAla].[A5]}$CHEM1,PEPTIDE1,1:R1-1:R3|CHEM1,PEPTIDE1,1:R2-4:R3$$$V2.0",-1.949
GraphSAGE,5,"CHEM1{[[*]CS(=O)(=O)C[*] |$_R1;;;;;;_R2$|]}|PEPTIDE1{[Mpa].[Thio].[4Achc].[A2]}$CHEM1,PEPTIDE1,1:R1-1:R3|CHEM1,PEPTIDE1,1:R2-4:R3$$$V2.0",0.016
GraphSAGE,5,"CHEM1{[[*]C/C=C/C[*] |$_R1;;;;;_R2$|]}|PEPTIDE1{[Mpa].G.[2Amb].[A5]}$CHEM1,PEPTIDE1,1:R1-1:R3|CHEM1,PEPTIDE1,1:R2-4:R3$$$V2.0",-3.849
GraphSAGE,5,"CHEM1{[[*]Cc1ccc(C[*])cc1 |$_R1;;;;;;;_R2;;$|]}|PEPTIDE1{[Mpa].[Ac3c].[4Amb].[Mea]}$CHEM1,PEPTIDE1,1:R1-1:R3|CHEM1,PEPTIDE1,1:R2-4:R3$$$V2.0",-4.863
GraphSAGE,5,"CHEM1{[[*]Cc1ccc(C[*])cc1 |$_R1;;;;;;;_R2;;$|]}|PEPTIDE1{[Mpa].G.[Amcp].[A4]}$CHEM1,PEPTIDE1,1:R1-1:R3|CHEM1,PEPTIDE1,1:R2-4:R3$$$V2.0",-4.185
GraphSAGE,5,"CHEM1{[[*]Cc1cccc(C[*])n1 |$_R1;;;;;;;;_R2;$|]}|PEPTIDE1{[Mpa].[Ac3c].[bAla].[A5]}$CHEM1,PEPTIDE1,1:R1-1:R3|CHEM1,PEPTIDE1,1:R2-4:R3$$$V2.0",-3.52
GraphSAGE,5,"CHEM1{[[*]Cc1ccc(C[*])cc1 |$_R1;;;;;;;_R2;;$|]}|PEPTIDE1{[Mpa].[4CIF].[dP].[A7]}$CHEM1,PEPTIDE1,1:R1-1:R3|CHEM1,PEPTIDE1,1:R2-4:R3$$$V2.0",-4.048
GraphSAGE,5,"CHEM1{[[*]Cc1ccc(C[*])cc1 |$_R1;;;;;;;_R2;;$|]}|PEPTIDE1{[Mpa].[4CIF].P.[A7]}$CHEM1,PEPTIDE1,1:R1-1:R3|CHEM1,PEPTIDE1,1:R2-4:R3$$$V2.0",-5.48
GraphSAGE,5,"CHEM1{[[*]Cc1ccc(C[*])cc1 |$_R1;;;;;;;_R2;;$|]}|PEPTIDE1{[Mpa].[4CIF].[Amcp].[A7]}$CHEM1,PEPTIDE1,1:R1-1:R3|CHEM1,PEPTIDE1,1:R2-4:R3$$$V2.0",-5.007
GraphSAGE,5,"CHEM1{[[*]Cc1ccc(C[*])cc1 |$_R1;;;;;;;_R2;;$|]}|PEPTIDE1{[Mpa].[Ac3c].[Amcp].[A7]}$CHEM1,PEPTIDE1,1:R1-1:R3|CHEM1,PEPTIDE1,1:R2-4:R3$$$V2.0",-3.28
GraphSAGE,5,"CHEM1{[[*]Cc1ccc(C[*])cc1 |$_R1;;;;;;;_R2;;$|]}|PEPTIDE1{[Mpa].G.[Aze].[Mea]}$CHEM1,PEPTIDE1,1:R1-1:R3|CHEM1,PEPTIDE1,1:R2-4:R3$$$V2.0",-3.823
GraphSAGE,5,"CHEM1{[[*]Cc1cccc(C[*])n1 |$_R1;;;;;;;;_R2;$|]}|PEPTIDE1{[Mpa].G.[Amcp].[A5]}$CHEM1,PEPTIDE1,1:R1-1:R3|CHEM1,PEPTIDE1,1:R2-4:R3$$$V2.0",-2.502
GraphSAGE,5,"CHEM1{[[*]Cc1ccc(C[*])cc1 |$_R1;;;;;;;_R2;;$|]}|PEPTIDE1{[Mpa].[Ac3c].[bhPro].[A7]}$CHEM1,PEPTIDE1,1:R1-1:R3|CHEM1,PEPTIDE1,1:R2-4:R3$$$V2.0",-3.335
GraphSAGE,5,"CHEM1{[[*]C/C=C/C[*] |$_R1;;;;;_R2$|]}|PEPTIDE1{[Mpa].[Ac3c].[APipAc].[A5]}$CHEM1,PEPTIDE1,1:R1-1:R3|CHEM1,PEPTIDE1,1:R2-4:R3$$$V2.0",-3.026
GraphSAGE,5,"CHEM1{[[*]Cc1cccc(C[*])n1 |$_R1;;;;;;;;_R2;$|]}|PEPTIDE1{[Mpa].G.[Ac6c].[Mea]}$CHEM1,PEPTIDE1,1:R1-1:R3|CHEM1,PEPTIDE1,1:R2-4:R3$$$V2.0",-2.713
GraphSAGE,5,"CHEM1{[[*]Cc1ccc(C[*])cc1 |$_R1;;;;;;;_R2;;$|]}|PEPTIDE1{[Mpa].[Ac3c].[2Amb].[Mea]}$CHEM1,PEPTIDE1,1:R1-1:R3|CHEM1,PEPTIDE1,1:R2-4:R3$$$V2.0",-4.769
GraphSAGE,5,"CHEM1{[[*]Cc1cccc(C[*])n1 |$_R1;;;;;;;;_R2;$|]}|PEPTIDE1{[Mpa].[Ac3c].[Amcp].[A5]}$CHEM1,PEPTIDE1,1:R1-1:R3|CHEM1,PEPTIDE1,1:R2-4:R3$$$V2.0",0.098
GraphSAGE,5,"CHEM1{[[*]CS(=O)(=O)C[*] |$_R1;;;;;;_R2$|]}|PEPTIDE1{[Mpa].[Thio].[4Achc].[A7]}$CHEM1,PEPTIDE1,1:R1-1:R3|CHEM1,PEPTIDE1,1:R2-4:R3$$$V2.0",2.264
GraphSAGE,5,"CHEM1{[[*]Cc1ccc(C[*])cc1 |$_R1;;;;;;;_R2;;$|]}|PEPTIDE1{[Mpa].[4CIF].[dPip].[Mea]}$CHEM1,PEPTIDE1,1:R1-1:R3|CHEM1,PEPTIDE1,1:R2-4:R3$$$V2.0",-6.084
GraphSAGE,5,"CHEM1{[[*]Cc1cccc(C[*])n1 |$_R1;;;;;;;;_R2;$|]}|PEPTIDE1{[Mpa].G.[bAla].[Mea]}$CHEM1,PEPTIDE1,1:R1-1:R3|CHEM1,PEPTIDE1,1:R2-4:R3$$$V2.0",-0.286
GraphSAGE,5,"CHEM1{[[*]CS(=O)(=O)C[*] |$_R1;;;;;;_R2$|]}|PEPTIDE1{[Mpa].[4CIF].[4Achc].[A2]}$CHEM1,PEPTIDE1,1:R1-1:R3|CHEM1,PEPTIDE1,1:R2-4:R3$$$V2.0",3.448
GraphSAGE,5,"CHEM1{[[*]CC(=O)C[*] |$_R1;;;;;_R2$|]}|PEPTIDE1{[Mpa].[Ac3c].[4Amb].[Mea]}$CHEM1,PEPTIDE1,1:R1-1:R3|CHEM1,PEPTIDE1,1:R2-4:R3$$$V2.0",-4.233
GraphSAGE,5,"CHEM1{[[*]Cc1ccc(C[*])cc1 |$_R1;;;;;;;_R2;;$|]}|PEPTIDE1{[Mpa].G.G.[Mea]}$CHEM1,PEPTIDE1,1:R1-1:R3|CHEM1,PEPTIDE1,1:R2-4:R3$$$V2.0",-2.418
GraphSAGE,5,"CHEM1{[[*]Cc1cccc(C[*])n1 |$_R1;;;;;;;;_R2;$|]}|PEPTIDE1{[Mpa].[Ac6c].[Ac6c].[Mea]}$CHEM1,PEPTIDE1,1:R1-1:R3|CHEM1,PEPTIDE1,1:R2-4:R3$$$V2.0",-0.003
GraphSAGE,5,"CHEM1{[[*]Cc1ccc(C[*])cc1 |$_R1;;;;;;;_R2;;$|]}|PEPTIDE1{[Mpa].[Ac3c].[2Achc].[Mea]}$CHEM1,PEPTIDE1,1:R1-1:R3|CHEM1,PEPTIDE1,1:R2-4:R3$$$V2.0",-5.158
GraphSAGE,5,"CHEM1{[[*]Cc1ccc(C[*])cc1 |$_R1;;;;;;;_R2;;$|]}|PEPTIDE1{[Mpa].[4CIF].[Ac6c].[Mea]}$CHEM1,PEPTIDE1,1:R1-1:R3|CHEM1,PEPTIDE1,1:R2-4:R3$$$V2.0",-4.303
GraphSAGE,5,"CHEM1{[[*]CS(=O)(=O)C[*] |$_R1;;;;;;_R2$|]}|PEPTIDE1{[Mpa].G.[2Amb].[A5]}$CHEM1,PEPTIDE1,1:R1-1:R3|CHEM1,PEPTIDE1,1:R2-4:R3$$$V2.0",-1.3
GraphSAGE,5,"CHEM1{[[*]CS(=O)(=O)C[*] |$_R1;;;;;;_R2$|]}|PEPTIDE1{[Mpa].[Ac3c].[4Achc].[A4]}$CHEM1,PEPTIDE1,1:R1-1:R3|CHEM1,PEPTIDE1,1:R2-4:R3$$$V2.0",-5.241
GraphSAGE,5,"CHEM1{[[*]Cc1ccc(C[*])cc1 |$_R1;;;;;;;_R2;;$|]}|PEPTIDE1{[Mpa].[Ac3c].[2Achc].[A6]}$CHEM1,PEPTIDE1,1:R1-1:R3|CHEM1,PEPTIDE1,1:R2-4:R3$$$V2.0",-4.354
GraphSAGE,5,"CHEM1{[[*]Cc1ccc(C[*])cc1 |$_R1;;;;;;;_R2;;$|]}|PEPTIDE1{[Mpa].[Ac3c].[Acpc].[A6]}$CHEM1,PEPTIDE1,1:R1-1:R3|CHEM1,PEPTIDE1,1:R2-4:R3$$$V2.0",-5.228
GraphSAGE,5,"CHEM1{[[*]Cc1ccc(C[*])cc1 |$_R1;;;;;;;_R2;;$|]}|PEPTIDE1{[Mpa].[Ac3c].[2Amb].[A7]}$CHEM1,PEPTIDE1,1:R1-1:R3|CHEM1,PEPTIDE1,1:R2-4:R3$$$V2.0",-4.447
GraphSAGE,5,"CHEM1{[[*]Cc1cccc(C[*])n1 |$_R1;;;;;;;;_R2;$|]}|PEPTIDE1{[Mpa].[Ac3c].[APipAc].[A5]}$CHEM1,PEPTIDE1,1:R1-1:R3|CHEM1,PEPTIDE1,1:R2-4:R3$$$V2.0",-3.834
GraphSAGE,5,"CHEM1{[[*]C/C=C/C[*] |$_R1;;;;;_R2$|]}|PEPTIDE1{[Mpa].[bAla].R.[A3]}$CHEM1,PEPTIDE1,1:R1-1:R3|CHEM1,PEPTIDE1,1:R2-4:R3$$$V2.0",-0.378
GraphSAGE,5,"CHEM1{[[*]CC(=O)C[*] |$_R1;;;;;_R2$|]}|PEPTIDE1{[Mpa].[Ac3c].[2Amb].[Mea]}$CHEM1,PEPTIDE1,1:R1-1:R3|CHEM1,PEPTIDE1,1:R2-4:R3$$$V2.0",-3.581
GraphSAGE,5,"CHEM1{[[*]Cc1ccc(C[*])cc1 |$_R1;;;;;;;_R2;;$|]}|PEPTIDE1{[Mpa].[4CIF].R.[Mea]}$CHEM1,PEPTIDE1,1:R1-1:R3|CHEM1,PEPTIDE1,1:R2-4:R3$$$V2.0",-4.906
GraphSAGE,5,"CHEM1{[[*]CS(=O)(=O)C[*] |$_R1;;;;;;_R2$|]}|PEPTIDE1{[Mpa].[bAla].R.[A7]}$CHEM1,PEPTIDE1,1:R1-1:R3|CHEM1,PEPTIDE1,1:R2-4:R3$$$V2.0",-2.891
GraphSAGE,5,"CHEM1{[[*]Cc1cccc(C[*])n1 |$_R1;;;;;;;;_R2;$|]}|PEPTIDE1{[Mpa].[Ac3c].[Ac3c].[Mea]}$CHEM1,PEPTIDE1,1:R1-1:R3|CHEM1,PEPTIDE1,1:R2-4:R3$$$V2.0",-1.72
GraphSAGE,5,"CHEM1{[[*]Cc1ccc(C[*])cc1 |$_R1;;;;;;;_R2;;$|]}|PEPTIDE1{[Mpa].[Ac3c].[Amcp].[A4]}$CHEM1,PEPTIDE1,1:R1-1:R3|CHEM1,PEPTIDE1,1:R2-4:R3$$$V2.0",-2.342
GraphSAGE,5,"CHEM1{[[*]Cc1ccc(C[*])cc1 |$_R1;;;;;;;_R2;;$|]}|PEPTIDE1{[Mpa].[Ac3c].[2Amb].[A4]}$CHEM1,PEPTIDE1,1:R1-1:R3|CHEM1,PEPTIDE1,1:R2-4:R3$$$V2.0",-4.466
GraphSAGE,5,"CHEM1{[[*]Cc1cccc(C[*])n1 |$_R1;;;;;;;;_R2;$|]}|PEPTIDE1{[Mpa].G.[APipAc].[A5]}$CHEM1,PEPTIDE1,1:R1-1:R3|CHEM1,PEPTIDE1,1:R2-4:R3$$$V2.0",-2.752
GraphSAGE,5,"CHEM1{[[*]C/C=C/C[*] |$_R1;;;;;_R2$|]}|PEPTIDE1{[Mpa].R.P.[Mea]}$CHEM1,PEPTIDE1,1:R1-1:R3|CHEM1,PEPTIDE1,1:R2-4:R3$$$V2.0",-1.711
GraphSAGE,5,"CHEM1{[[*]C/C=C/C[*] |$_R1;;;;;_R2$|]}|PEPTIDE1{[Mpa].R.[dP].[Mea]}$CHEM1,PEPTIDE1,1:R1-1:R3|CHEM1,PEPTIDE1,1:R2-4:R3$$$V2.0",-1.118
GraphSAGE,5,"CHEM1{[[*]Cc1ccc(C[*])cc1 |$_R1;;;;;;;_R2;;$|]}|PEPTIDE1{[Mpa].[4CIF].[Nip].[A7]}$CHEM1,PEPTIDE1,1:R1-1:R3|CHEM1,PEPTIDE1,1:R2-4:R3$$$V2.0",-4.152
GraphSAGE,5,"CHEM1{[[*]Cc1ccc(C[*])cc1 |$_R1;;;;;;;_R2;;$|]}|PEPTIDE1{[Mpa].[4CIF].[dNip].[A7]}$CHEM1,PEPTIDE1,1:R1-1:R3|CHEM1,PEPTIDE1,1:R2-4:R3$$$V2.0",-4.546
GraphSAGE,5,"CHEM1{[[*]C/C=C/C[*] |$_R1;;;;;_R2$|]}|PEPTIDE1{[Mpa].[Ac3c].[APipAc].[A6]}$CHEM1,PEPTIDE1,1:R1-1:R3|CHEM1,PEPTIDE1,1:R2-4:R3$$$V2.0",-3.511
GraphSAGE,5,"CHEM1{[[*]Cc1cccc(C[*])n1 |$_R1;;;;;;;;_R2;$|]}|PEPTIDE1{[Mpa].[Ac3c].[Ac6c].[Mea]}$CHEM1,PEPTIDE1,1:R1-1:R3|CHEM1,PEPTIDE1,1:R2-4:R3$$$V2.0",-1.396
GraphSAGE,5,"CHEM1{[[*]C/C=C/C[*] |$_R1;;;;;_R2$|]}|PEPTIDE1{[Mpa].[Ac3c].[Nip].[A5]}$CHEM1,PEPTIDE1,1:R1-1:R3|CHEM1,PEPTIDE1,1:R2-4:R3$$$V2.0",-3.59
GraphSAGE,5,"CHEM1{[[*]C/C=C/C[*] |$_R1;;;;;_R2$|]}|PEPTIDE1{[Mpa].[Ac3c].[dNip].[A5]}$CHEM1,PEPTIDE1,1:R1-1:R3|CHEM1,PEPTIDE1,1:R2-4:R3$$$V2.0",-3.244
GraphSAGE,5,"CHEM1{[[*]Cc1ccc(C[*])cc1 |$_R1;;;;;;;_R2;;$|]}|PEPTIDE1{[Mpa].[Ac3c].[2Achc].[A7]}$CHEM1,PEPTIDE1,1:R1-1:R3|CHEM1,PEPTIDE1,1:R2-4:R3$$$V2.0",-4.138
GraphSAGE,5,"CHEM1{[[*]C/C=C/C[*] |$_R1;;;;;_R2$|]}|PEPTIDE1{[Mpa].[bAla].[4CIF].[A6]}$CHEM1,PEPTIDE1,1:R1-1:R3|CHEM1,PEPTIDE1,1:R2-4:R3$$$V2.0",-4.886
GraphSAGE,5,"CHEM1{[[*]C/C=C/C[*] |$_R1;;;;;_R2$|]}|PEPTIDE1{[Mpa].R.P.[A6]}$CHEM1,PEPTIDE1,1:R1-1:R3|CHEM1,PEPTIDE1,1:R2-4:R3$$$V2.0",-3.945
GraphSAGE,5,"CHEM1{[[*]C/C=C/C[*] |$_R1;;;;;_R2$|]}|PEPTIDE1{[Mpa].R.[dP].[A6]}$CHEM1,PEPTIDE1,1:R1-1:R3|CHEM1,PEPTIDE1,1:R2-4:R3$$$V2.0",-2.967
GraphSAGE,5,"CHEM1{[[*]Cc1ccc(C[*])cc1 |$_R1;;;;;;;_R2;;$|]}|PEPTIDE1{[Mpa].G.[bhPro].[A7]}$CHEM1,PEPTIDE1,1:R1-1:R3|CHEM1,PEPTIDE1,1:R2-4:R3$$$V2.0",-3.229
GraphSAGE,5,"CHEM1{[[*]Cc1ccc(C[*])cc1 |$_R1;;;;;;;_R2;;$|]}|PEPTIDE1{[Mpa].G.P.[Mea]}$CHEM1,PEPTIDE1,1:R1-1:R3|CHEM1,PEPTIDE1,1:R2-4:R3$$$V2.0",-4.629
GraphSAGE,5,"CHEM1{[[*]Cc1ccc(C[*])cc1 |$_R1;;;;;;;_R2;;$|]}|PEPTIDE1{[Mpa].G.[dP].[Mea]}$CHEM1,PEPTIDE1,1:R1-1:R3|CHEM1,PEPTIDE1,1:R2-4:R3$$$V2.0",-4.753
GraphSAGE,5,"CHEM1{[[*]CS(=O)(=O)C[*] |$_R1;;;;;;_R2$|]}|PEPTIDE1{[Mpa].[4CIF].[4Achc].[A4]}$CHEM1,PEPTIDE1,1:R1-1:R3|CHEM1,PEPTIDE1,1:R2-4:R3$$$V2.0",-1.264
GraphSAGE,5,"CHEM1{[[*]C/C=C/C[*] |$_R1;;;;;_R2$|]}|PEPTIDE1{[Mpa].[Ac3c].[2Amb].[A6]}$CHEM1,PEPTIDE1,1:R1-1:R3|CHEM1,PEPTIDE1,1:R2-4:R3$$$V2.0",-3.072
GraphSAGE,5,"CHEM1{[[*]Cc1ccc(C[*])cc1 |$_R1;;;;;;;_R2;;$|]}|PEPTIDE1{[Mpa].[4CIF].R.[A7]}$CHEM1,PEPTIDE1,1:R1-1:R3|CHEM1,PEPTIDE1,1:R2-4:R3$$$V2.0",-4.367
GraphSAGE,5,"CHEM1{[[*]Cc1cccc(C[*])n1 |$_R1;;;;;;;;_R2;$|]}|PEPTIDE1{[Mpa].[Ac3c].[APipAc].[A7]}$CHEM1,PEPTIDE1,1:R1-1:R3|CHEM1,PEPTIDE1,1:R2-4:R3$$$V2.0",-1.557
GraphSAGE,5,"CHEM1{[[*]Cc1ccc(C[*])cc1 |$_R1;;;;;;;_R2;;$|]}|PEPTIDE1{[Mpa].G.[bAla].[A4]}$CHEM1,PEPTIDE1,1:R1-1:R3|CHEM1,PEPTIDE1,1:R2-4:R3$$$V2.0",-4.039
GraphSAGE,5,"CHEM1{[[*]CC(=O)C[*] |$_R1;;;;;_R2$|]}|PEPTIDE1{[Mpa].[4CIF].[Nip].[Mea]}$CHEM1,PEPTIDE1,1:R1-1:R3|CHEM1,PEPTIDE1,1:R2-4:R3$$$V2.0",-4.811
GraphSAGE,5,"CHEM1{[[*]CC(=O)C[*] |$_R1;;;;;_R2$|]}|PEPTIDE1{[Mpa].[4CIF].[dNip].[Mea]}$CHEM1,PEPTIDE1,1:R1-1:R3|CHEM1,PEPTIDE1,1:R2-4:R3$$$V2.0",-4.76
